255,0,0,0,0,0,0,0,0,0,0,0,0,0,0,0,0,0,0,0,0,0,0,0,0,0,0,0,0,0,0.029805,0,0,0,0,0,0,0,0,0,0,0,0,0,0,0,0,0,0,0,0,0,0,0,0,0,0,0,0,0,221.84,0,0,0,0,0,0,0,0,0,0,0,0,0,0,0.0099349,0,0,0,0,0,0,0,0,0,0,0,0,0,0,0,0,0,0,0,0,0,0,0,0,0,0,0,0,0,0,0,0,0,0,0,0,0,0,0,0,0,0,0,0,0
0.014649,255,58.289,20.905,10.679,6.1234,4.2922,3.0031,2.3878,2.0802,1.4942,1.3917,1.1866,0.86431,0.65922,0.80571,0.65922,0.62992,0.54202,0.48343,0.62992,0.52737,0.42483,0.35158,0.58597,0.29299,0.45413,0.30763,0.46878,0.11719,0.41018,0.46878,0.32228,0.38088,0.36623,0.45413,0.36623,0.43948,0.35158,0.35158,0.43948,0.46878,0.52737,0.54202,0.54202,0.84966,0.87896,0.93755,0.96685,0.96685,1.1866,1.5821,1.8751,2.2999,2.6808,4.512,6.2259,9.8443,18.839,50.687,216.75,0,0,0,0,0,0,0,0,0,0,0,0,0,0,0,0,0,0,0,0,0,0,0,0,0,0,0,0,0,0,0,0,0,0,0,0,0,0,0,0,0,0,0,0,0,0,0,0,0,0,0,0,0,0,0,0,0,0,0,0
0,196.08,255,109.72,57.493,33.21,21.724,14.968,10.862,8.0645,6.5766,5.297,5.0887,3.7198,3.571,3.4222,2.9163,2.589,2.4997,2.4402,1.7557,1.607,1.9343,1.7855,1.4582,1.9045,1.726,1.4582,1.5177,1.5177,1.1903,1.7855,1.3986,1.6665,1.4284,1.4582,1.4284,1.3391,1.726,1.845,2.1128,2.2319,2.0236,1.8748,2.2319,2.5295,2.9163,3.0651,3.452,3.452,4.434,6.16,6.6659,8.2728,10.445,14.046,18.123,28.241,49.31,93.709,206.82,179.12,0,0,0,0,0,0,0,0,0,0,0,0,0,0,0,0,0,0,0,0,0,0,0,0,0,0,0,0,0,0,0,0,0,0,0,0,0,0,0,0,0,0,0,0,0,0,0,0,0,0,0,0,0,0,0,0,0,0,0
0,0,255,171.83,100.39,56.724,38.108,27.833,19.16,14.717,11.212,9.0963,8.2804,6.5578,5.4699,4.5935,5.077,3.9589,3.6265,3.4451,3.4753,2.9012,2.9314,2.8407,2.1457,2.5687,2.2968,2.2363,2.6896,2.5083,2.055,2.055,2.3874,2.3572,2.2363,2.0248,2.2061,2.599,2.9314,2.6292,2.4176,2.5687,3.0825,3.1127,3.2638,3.5358,3.6869,4.2611,5.5606,5.8628,6.2858,7.7667,8.5222,11.212,12.451,16.803,22.968,32.819,51.103,80.507,137.62,230.01,0,0,0,0,0,0,0,0,0,0,0,0,0,0,0,0,0,0,0,0,0,0,0,0,0,0,0,0,0,0,0,0,0,0,0,0,0,0,0,0,0,0,0,0,0,0,0,0,0,0,0,0,0,0,0,0,0,0,0
0,0,146.35,255,181.44,125.27,77.428,53.465,43.416,32.723,23.834,19.797,17.135,13.055,11.208,10.994,8.6746,7.4722,6.4845,7.8158,5.9692,5.7974,5.6256,5.368,5.1103,4.8956,4.2085,4.4232,4.2514,4.8956,4.4662,4.2944,3.8649,4.4232,3.9079,4.3373,4.3803,5.1103,4.552,4.6379,4.552,5.1103,5.325,4.9385,5.8404,6.9569,7.9875,7.7299,8.6317,10.221,10.779,12.926,14.429,17.564,21.128,26.883,35.686,50.244,66.692,97.783,145.45,223.78,134.59,0,0,0,0,0,0,0,0,0,0,0,0,0,0,0,0,0,0,0,0,0,0,0,0,0,0,0,0,0,0,0,0,0,0,0,0,0,0,0,0,0,0,0,0,0,0,0,0,0,0,0,0,0,0,0,0,0,0
0,0,0,255,219.52,162.54,122.44,85.225,58.423,47.77,40.154,32.008,24.777,21.21,17.98,14.558,14.509,11.087,11.521,9.207,8.8696,7.9055,8.4357,7.2788,6.604,7.2306,6.5558,6.9896,5.1578,6.0737,6.845,5.8327,5.7363,6.5076,5.4471,5.8327,6.7004,6.6522,5.7363,6.2665,6.9896,6.7968,6.4112,7.2306,9.3516,9.1106,9.0142,11.039,11.039,11.906,15.715,14.558,18.655,21.933,26.223,33.068,42.902,53.507,68.691,96.649,130.68,185.97,235.77,0,0,0,0,0,0,0,0,0,0,0,0,0,0,0,0,0,0,0,0,0,0,0,0,0,0,0,0,0,0,0,0,0,0,0,0,0,0,0,0,0,0,0,0,0,0,0,0,0,0,0,0,0,0,0,0,0,0
0,0,0,133.69,255,214.17,166.35,134.11,100.98,71.824,56.12,49.661,40.001,35.853,28.267,24.712,20.623,19.556,17.008,13.63,15.23,12.386,11.615,10.489,11.378,9.8966,10.015,9.304,9.8966,8.2965,8.5928,9.6595,8.9484,8.7706,8.9484,8.178,9.7188,9.304,8.4743,9.541,9.4225,9.1262,9.6003,12.504,12.03,12.386,13.689,13.689,15.763,18.075,17.66,22.341,24.238,29.156,33.542,43.675,51.616,61.631,82.195,103.88,134.82,178.38,231.18,123.74,0,0,0,0,0,0,0,0,0,0,0,0,0,0,0,0,0,0,0,0,0,0,0,0,0,0,0,0,0,0,0,0,0,0,0,0,0,0,0,0,0,0,0,0,0,0,0,0,0,0,0,0,0,0,0,0,0
0,0,0,0.066337,255,233.57,201.47,158.88,134.73,106.27,80.666,62.689,54.264,47.033,41.063,35.955,29.52,26.734,22.488,21.891,19.238,15.457,17.712,14.461,13.864,13.599,13.135,11.874,13.002,12.272,11.078,11.476,12.206,11.277,12.14,11.012,12.206,11.609,11.41,12.14,11.675,12.007,14.594,14.13,14.063,16.12,15.921,18.044,20.166,19.569,23.152,26.07,29.387,32.439,41.593,49.952,56.254,68.261,85.177,103.22,129.09,165.91,207.17,236.76,0,0,0,0,0,0,0,0,0,0,0,0,0,0,0,0,0,0,0,0,0,0,0,0,0,0,0,0,0,0,0,0,0,0,0,0,0,0,0,0,0,0,0,0,0,0,0,0,0,0,0,0,0,0,0,0,0
0,0,0,0,127.19,255,231.9,201.6,162.66,141.18,117.53,94.582,73.486,58.264,55.25,52.932,41.65,39.873,31.914,29.827,27.355,22.873,24.186,19.936,19.782,17.695,16.073,18.468,15.686,17.309,15.841,14.373,15.455,16.923,14.991,14.914,16.227,15.455,15.377,15.686,14.682,16.227,19.859,16.845,20.091,19.009,20.091,24.341,22.255,26.35,28.977,31.141,34.618,43.35,49.377,56.409,63.982,76.345,92.882,110.5,129.97,165.29,201.99,232.98,122.09,0,0,0,0,0,0,0,0,0,0,0,0,0,0,0,0,0,0,0,0,0,0,0,0,0,0,0,0,0,0,0,0,0,0,0,0,0,0,0,0,0,0,0,0,0,0,0,0,0,0,0,0,0,0,0,0
0,0,0,0,0,255,240.6,216.58,195.28,162.81,141.86,124.65,101.22,78.724,67.563,62.451,54.612,49.671,45.922,38.851,33.483,31.609,30.416,26.156,24.708,25.134,21.385,20.022,21.811,19.596,20.448,19.766,18.233,19.937,18.659,19.766,18.659,20.363,18.488,19.085,18.403,20.703,22.152,21.896,23.259,23.174,25.986,24.878,27.264,30.842,33.824,36.976,41.066,47.711,56.487,61.428,67.222,80.172,98.064,111.27,128.99,159.66,191.53,217.51,235.57,0,0,0,0,0,0,0,0,0,0,0,0,0,0,0,0,0,0,0,0,0,0,0,0,0,0,0,0,0,0,0,0,0,0,0,0,0,0,0,0,0,0,0,0,0,0,0,0,0,0,0,0,0,0,0,0
0,0,0,0,0,122.11,255,236.57,210.11,189.5,167.01,147.54,127.88,109.73,87.804,76.179,63.325,61.434,61.056,49.337,48.391,40.452,38.373,33.458,32.607,31.568,27.882,26.748,25.141,25.613,23.818,24.574,24.952,22.022,24.763,24.196,22.211,25.991,22.116,23.723,22.589,25.991,25.424,26.842,26.653,26.748,32.418,29.394,33.175,35.915,38.184,40.736,51.227,54.251,62.758,65.404,76.462,84.968,102.08,112.38,131.94,154.53,182.41,211.62,230.52,118.9,0,0,0,0,0,0,0,0,0,0,0,0,0,0,0,0,0,0,0,0,0,0,0,0,0,0,0,0,0,0,0,0,0,0,0,0,0,0,0,0,0,0,0,0,0,0,0,0,0,0,0,0,0,0,0
0,0,0,0,0,0,255,245.51,235.81,212.5,191.83,169.68,153.13,135.83,117.9,100.4,83.313,71.501,71.396,64.119,59.584,56.526,48.511,43.238,40.496,40.918,36.172,32.165,34.485,29.739,30.794,28.263,30.478,29.318,29.423,29.212,29.529,30.583,27.736,29.212,27.419,31.532,29.634,33.325,31.321,34.063,35.434,34.696,39.547,42.711,45.242,48.3,56.315,64.225,64.33,74.56,84.578,92.171,107.78,116.11,133.51,157.34,182.44,205.33,229.27,236.54,0,0,0,0,0,0,0,0,0,0,0,0,0,0,0,0,0,0,0,0,0,0,0,0,0,0,0,0,0,0,0,0,0,0,0,0,0,0,0,0,0,0,0,0,0,0,0,0,0,0,0,0,0,0,0
0,0,0,0,0,0,120.75,255,234.7,229.26,206.59,186.52,170.3,153.18,139.12,123.25,109.98,87.079,80.843,74.493,67.69,69.618,57.372,58.846,49.322,47.054,45.353,40.024,37.87,40.365,35.262,35.602,33.335,35.716,34.242,36.056,34.129,33.562,34.922,33.788,32.201,36.51,34.922,37.303,37.417,40.138,37.757,41.725,43.653,45.807,48.301,59.753,61.794,68.03,71.092,75.627,89.006,98.077,110.21,116.45,132.77,155.68,174.16,198.88,218.04,229.94,115.99,0,0,0,0,0,0,0,0,0,0,0,0,0,0,0,0,0,0,0,0,0,0,0,0,0,0,0,0,0,0,0,0,0,0,0,0,0,0,0,0,0,0,0,0,0,0,0,0,0,0,0,0,0,0
0,0,0,0,0,0,0,255,251.72,243.03,226.65,210.65,190.62,174.87,161.52,148.54,134.3,117.8,99.027,91.467,76.853,80.632,77.735,68.412,67.782,58.207,55.309,52.663,47.246,46.238,46.742,41.828,42.332,42.206,42.458,39.434,42.962,40.946,44.222,40.064,38.552,43.466,41.828,45.482,41.45,48.883,43.34,48.757,51.151,53.923,55.687,66.522,70.301,77.483,77.987,83.53,94.617,108.85,114.4,126.62,135.19,161.64,171.47,203.47,213.17,232.95,237.24,0,0,0,0,0,0,0,0,0,0,0,0,0,0,0,0,0,0,0,0,0,0,0,0,0,0,0,0,0,0,0,0,0,0,0,0,0,0,0,0,0,0,0,0,0,0,0,0,0,0,0,0,0,0
0,0,0,0,0,0,0,121.26,255,238.63,240.65,217.98,211.14,189,173.58,163.92,151.85,139.64,124.48,106.24,97.654,83.837,88.264,81.155,75.789,74.045,67.338,61.302,56.741,53.79,52.985,53.656,45.608,49.766,48.022,47.351,48.693,49.766,48.693,45.742,46.144,47.083,48.29,52.046,46.278,54.863,47.754,56.741,54.729,61.168,62.643,70.423,78.204,79.277,85.581,90.008,96.983,111.74,118.85,127.84,134.68,161.77,167.14,191.15,208.32,225.49,235.01,114.96,0,0,0,0,0,0,0,0,0,0,0,0,0,0,0,0,0,0,0,0,0,0,0,0,0,0,0,0,0,0,0,0,0,0,0,0,0,0,0,0,0,0,0,0,0,0,0,0,0,0,0,0,0
0,0,0,0,0,0,0,0,241.78,255,234.46,238.19,212.19,210.32,192.36,175.12,168.95,153.43,147.25,131.88,117.66,102.29,93.237,95.679,84.186,89.645,78.87,74.417,68.814,64.073,61.631,58.901,60.625,52.149,58.183,56.315,54.304,56.028,55.023,57.608,53.011,51.287,58.039,56.315,54.161,61.344,54.735,60.913,63.068,65.941,73.986,74.704,85.479,83.324,93.237,97.115,101.14,117.37,122.83,131.02,135.33,162.77,166.5,188.48,206.73,217.36,225.69,233.31,0,0,0,0,0,0,0,0,0,0,0,0,0,0,0,0,0,0,0,0,0,0,0,0,0,0,0,0,0,0,0,0,0,0,0,0,0,0,0,0,0,0,0,0,0,0,0,0,0,0,0,0,0
0,0,0,0,0,0,0,0,120.96,255,248.77,237.72,233.98,216.39,213.59,195.22,180.59,175.14,163.15,155.83,140.42,130.77,107.73,104.46,101.19,94.963,100.26,87.179,86.09,77.683,72.857,71.145,68.498,67.253,63.516,63.205,67.253,63.828,65.229,66.319,62.115,59.158,66.941,64.762,62.427,68.965,62.271,69.432,70.366,72.39,85.623,86.09,90.76,94.185,94.496,108.97,109.13,121.74,127.5,137.62,139.64,164.86,172.8,184.95,206.74,213.75,229.62,231.03,118,0,0,0,0,0,0,0,0,0,0,0,0,0,0,0,0,0,0,0,0,0,0,0,0,0,0,0,0,0,0,0,0,0,0,0,0,0,0,0,0,0,0,0,0,0,0,0,0,0,0,0,0
0,0,0,0,0,0,0,0,0,238.81,255,236.84,239.62,225.72,212.8,211.33,193.34,182.87,174.53,164.71,164.22,148.03,135.76,115.64,113.35,100.59,102.72,109.59,93.724,96.504,85.055,81.129,78.021,77.367,71.642,72.951,71.969,71.479,73.605,72.787,72.787,68.207,75.241,70.497,71.642,74.586,68.371,75.404,78.185,78.675,89.798,93.724,100.1,97.486,98.958,114.17,114.82,123.98,130.36,140.67,138.38,164.38,168.31,183.19,203.97,201.68,225.23,226.38,230.3,0,0,0,0,0,0,0,0,0,0,0,0,0,0,0,0,0,0,0,0,0,0,0,0,0,0,0,0,0,0,0,0,0,0,0,0,0,0,0,0,0,0,0,0,0,0,0,0,0,0,0,0
0,0,0,0,0,0,0,0,0,122.84,255,252.31,240.67,246.23,230.47,219.72,220.44,202.71,190.89,185.16,176.75,175.67,159.38,151.32,128.4,124.81,110.13,117.11,123.74,105.65,109.59,97.058,94.551,91.327,87.029,81.299,84.881,85.06,85.06,84.522,86.313,82.374,82.195,83.627,81.657,88.104,78.076,85.955,89.357,87.029,104.22,103.33,111.03,106.19,111.2,123.92,125.17,133.41,140.93,146.12,147.02,171.19,173.34,189.46,199.67,215.07,228.86,229.57,233.51,117.83,0,0,0,0,0,0,0,0,0,0,0,0,0,0,0,0,0,0,0,0,0,0,0,0,0,0,0,0,0,0,0,0,0,0,0,0,0,0,0,0,0,0,0,0,0,0,0,0,0,0,0
0,0,0,0,0,0,0,0,0,0,235.9,255,244.43,229.78,244.06,224.21,212.72,220.32,198.44,191.39,187.31,177.67,180.08,161.53,156.71,136.12,131.3,116.09,126.11,129.82,113.68,117.39,106.08,101.44,98.476,93.469,89.575,94.025,92.171,95.509,95.695,91.429,85.309,95.695,91.8,94.582,84.938,94.211,95.324,94.767,109.79,108.31,117.21,112.94,115.35,126.85,128.71,138.35,142.61,145.4,148.36,169.13,170.06,182.3,196.77,210.68,213.46,223.66,226.63,230.71,0,0,0,0,0,0,0,0,0,0,0,0,0,0,0,0,0,0,0,0,0,0,0,0,0,0,0,0,0,0,0,0,0,0,0,0,0,0,0,0,0,0,0,0,0,0,0,0,0,0,0
0,0,0,0,0,0,0,0,0,0,119.81,249.41,255,236.83,244.02,241.62,226.44,223.25,223.45,206.48,199.09,196.29,191.9,186.11,178.12,168.14,147.97,144.17,128.6,137.38,143.38,126.8,130.4,117.62,116.82,106.63,107.83,106.23,105.63,107.03,107.43,107.23,101.44,107.63,105.23,101.04,102.44,103.04,106.63,106.23,121.21,119.61,127,125.6,124.21,134.59,142.98,147.77,149.37,151.36,154.76,177.12,172.53,186.71,202.08,211.67,210.67,228.24,229.24,227.44,120.01,0,0,0,0,0,0,0,0,0,0,0,0,0,0,0,0,0,0,0,0,0,0,0,0,0,0,0,0,0,0,0,0,0,0,0,0,0,0,0,0,0,0,0,0,0,0,0,0,0,0
0,0,0,0,0,0,0,0,0,0,0,233.66,255,248.31,233.87,243.91,237.85,223.41,225.92,226.97,206.89,202.08,202.08,198.94,191.83,186.18,176.76,157.94,154.17,136.6,147.48,155.01,140.16,139.74,126.35,124.89,121.75,117.56,115.68,120.07,119.03,123.63,113.38,114.43,118.19,108.36,117.15,114.63,112.33,114.63,132.21,130.32,133.46,134.72,132.21,139.53,150.41,153.13,154.17,154.8,158.15,178.02,173.84,187.22,198.73,211.49,206.47,226.13,225.3,227.6,226.34,0,0,0,0,0,0,0,0,0,0,0,0,0,0,0,0,0,0,0,0,0,0,0,0,0,0,0,0,0,0,0,0,0,0,0,0,0,0,0,0,0,0,0,0,0,0,0,0,0,0
0,0,0,0,0,0,0,0,0,0,0,118.24,238.9,255,243.53,233.38,242.43,234.93,230.07,230.07,229.41,209.56,206.47,209.34,208.9,200.07,196.1,188.16,169.85,164.56,148.24,159.49,168.09,156.18,147.35,140.29,139.41,135,126.84,134.12,129.93,135.22,133.9,122.65,132.57,129.49,125.74,124.41,125.29,127.06,141.84,140.74,143.6,144.26,143.16,145.81,163.01,156.84,158.6,163.01,161.03,180.44,181.76,188.38,193.46,211.76,208.46,218.6,222.13,228.53,224.56,118.01,0,0,0,0,0,0,0,0,0,0,0,0,0,0,0,0,0,0,0,0,0,0,0,0,0,0,0,0,0,0,0,0,0,0,0,0,0,0,0,0,0,0,0,0,0,0,0,0,0
0,0,0,0,0,0,0,0,0,0,0,0,237.83,255,249.59,234.77,242.77,252.88,236.89,227.71,241.12,235.24,218.54,215.01,220.89,218.3,213.36,207.48,204.19,185.13,178.55,162.08,173.61,188.43,170.78,162.55,156.9,157.38,146.79,144.44,152.91,147.73,155.02,138.56,149.38,143.03,144.67,137.62,138.32,139.73,156.43,152.67,158.79,157.14,156.2,156.2,173.37,164.2,168.67,172.43,165.84,189.37,185.13,194.31,197.84,208.19,220.65,215.24,227.01,228.42,230.3,227.95,0,0,0,0,0,0,0,0,0,0,0,0,0,0,0,0,0,0,0,0,0,0,0,0,0,0,0,0,0,0,0,0,0,0,0,0,0,0,0,0,0,0,0,0,0,0,0,0,0
0,0,0,0,0,0,0,0,0,0,0,0,118.01,236.52,255,245.64,240.46,240.46,251.8,235.54,228.39,246.87,236.03,223.96,221,228.39,227.9,222.97,220.01,215.09,196.61,191.68,171.48,190.2,204.25,186.01,175.91,174.68,160.64,167.04,161.87,165.32,168.03,166.06,159.41,160.14,159.9,146.35,157.93,153,164.09,167.04,170.49,167.78,165.32,165.81,182.07,172.71,176.9,176.41,170,193.9,188.97,197.59,199.57,205.23,219.77,210.41,229.87,225.68,223.46,222.72,119.74,0,0,0,0,0,0,0,0,0,0,0,0,0,0,0,0,0,0,0,0,0,0,0,0,0,0,0,0,0,0,0,0,0,0,0,0,0,0,0,0,0,0,0,0,0,0,0,0
0,0,0,0,0,0,0,0,0,0,0,0,0,237.65,250.53,255,244.22,241.59,252.11,253.16,241.59,238.18,252.11,245.27,235.28,230.03,241.86,242.91,238.7,235.55,232.65,213.2,207.94,191.38,213.2,215.04,212.41,196.64,186.65,191.38,179.81,185.86,186.39,190.07,174.03,186.12,173.24,175.08,173.24,173.24,180.87,181.92,186.12,182.18,180.08,179.29,195.06,184.02,187.44,188.23,178.5,202.16,199.27,202.16,201.37,213.2,226.35,211.89,227.66,226.35,231.87,233.97,225.29,0,0,0,0,0,0,0,0,0,0,0,0,0,0,0,0,0,0,0,0,0,0,0,0,0,0,0,0,0,0,0,0,0,0,0,0,0,0,0,0,0,0,0,0,0,0,0,0
0,0,0,0,0,0,0,0,0,0,0,0,0,119.36,228.96,255,247.4,239.54,235.47,250.12,248.49,240.62,237.37,253.64,249.85,236.82,234.11,246.32,252.02,247.68,244.96,243.06,224.62,218.92,208.88,225.97,228.14,228.41,206.71,210.51,197.22,197.22,202.91,205.09,202.1,197.49,190.16,190.16,183.65,188.27,192.06,196.4,199.93,190.98,190.16,186.91,203.46,191.25,192.61,192.06,181.76,205.09,202.64,201.02,200.2,214.31,221.36,209.15,221.63,224.35,228.14,218.92,219.73,119.9,0,0,0,0,0,0,0,0,0,0,0,0,0,0,0,0,0,0,0,0,0,0,0,0,0,0,0,0,0,0,0,0,0,0,0,0,0,0,0,0,0,0,0,0,0,0,0
0,0,0,0,0,0,0,0,0,0,0,0,0,0,221.58,228.98,242.95,238.84,221.04,231.72,252.53,235.28,238.02,231.17,247.88,246.51,238.57,231.72,248.97,255,250.89,250.62,250.34,229.8,228.71,223.5,236.37,233.91,235.83,224.6,210.08,207.89,220.49,217.48,218.3,205.15,212.82,203.51,192.28,195.02,197.76,212,207.89,196.39,195.29,194.19,207.89,194.47,194.74,193.1,181.6,203.23,201.59,195.56,195.84,210.08,213.92,207.07,204.88,223.78,211.72,213.92,217.75,214.19,0,0,0,0,0,0,0,0,0,0,0,0,0,0,0,0,0,0,0,0,0,0,0,0,0,0,0,0,0,0,0,0,0,0,0,0,0,0,0,0,0,0,0,0,0,0,0
0,0,0,0,0,0,0,0,0,0,0,0,0,0,105.69,206.22,230.07,221.94,215.71,218.42,217.06,234.4,230.61,227.09,226,236.03,241.72,231.7,228.17,246.6,252.83,250.12,250.39,255,231.42,233.86,233.59,239.55,250.66,230.61,232.24,223.84,216.25,223.57,226.55,223.57,216.25,213,202.97,206.49,198.09,213,221.13,198.91,197.01,198.63,207.85,194.57,192.94,191.05,178.04,199.99,196.47,186.98,185.36,203.78,202.16,198.36,193.76,208.66,200.8,204.33,204.05,191.86,109.48,0,0,0,0,0,0,0,0,0,0,0,0,0,0,0,0,0,0,0,0,0,0,0,0,0,0,0,0,0,0,0,0,0,0,0,0,0,0,0,0,0,0,0,0,0,0
0,0,0,0,0,0,0,0,0,0,0,0,0,0,0,195.13,198.87,215.71,213.57,201.54,199.94,211.97,222.12,216.24,217.04,219.45,229.07,235.22,225.86,223.73,244.04,250.19,249.92,255,254.2,234.95,230.68,242.7,254.73,250.99,238.96,238.16,223.99,232.28,235.49,235.75,227.2,219.72,213.84,212.23,202.61,219.45,222.39,205.55,199.4,201.01,210.36,193.79,191.65,188.44,175.35,194.59,191.92,178.82,180.16,197.53,184.97,193.25,182.56,193.25,196.19,191.65,186.31,186.84,191.65,0,0,0,0,0,0,0,0,0,0,0,0,0,0,0,0,0,0,0,0,0,0,0,0,0,0,0,0,0,0,0,0,0,0,0,0,0,0,0,0,0,0,0,0,0,0
0,0,0,0,0,0,0,0,0,0,0,0,0,0,0,89.225,173.89,184.53,193.66,192.14,184.28,183.27,196.7,201.26,194.67,202.53,204.05,214.7,220.78,210.89,211.91,231.93,239.79,240.81,247.9,244.61,229.15,225.34,236.5,255,251.96,233.2,232.44,229.65,230.92,238.02,225.34,229.4,218.25,204.56,210.13,210.39,216.22,207.09,192.64,195.69,203.54,185.04,184.79,178.96,166.28,183.77,178.45,166.28,171.1,174.39,171.1,183.01,166.79,173.63,177.18,169.32,171.35,171.86,161.72,93.027,0,0,0,0,0,0,0,0,0,0,0,0,0,0,0,0,0,0,0,0,0,0,0,0,0,0,0,0,0,0,0,0,0,0,0,0,0,0,0,0,0,0,0,0,0
0,0,0,0,0,0,0,0,0,0,0,0,0,0,0,0,161.18,163.39,176.86,175.14,171.71,167.8,175.63,185.92,187.15,182.74,189.11,195.23,203.8,212.62,202.82,205.52,224.63,234.91,237.61,244.47,245.94,222.67,225.61,244.22,255,249.86,242.51,232.95,231.48,239.57,240.3,228.3,222.42,214.34,209.93,215.81,214.83,209.19,192.29,195.72,200.13,183.47,179.8,174.41,160.69,176.86,171.47,158.24,160.94,164.12,163.88,171.47,151.38,161.18,164.61,152.85,161.43,156.04,156.28,157.51,0,0,0,0,0,0,0,0,0,0,0,0,0,0,0,0,0,0,0,0,0,0,0,0,0,0,0,0,0,0,0,0,0,0,0,0,0,0,0,0,0,0,0,0,0
0,0,0,0,0,0,0,0,0,0,0,0,0,0,0,0,73.98,142.41,151.43,159.52,159.06,150.04,154.43,158.59,170.62,173.16,165.53,176.86,178.25,192.58,198.59,191.19,194.89,215.24,223.56,230.03,233.5,240.9,218.93,217.78,249.91,255,239.74,237.2,223.79,236.74,243.67,224.25,229.57,214.31,210.15,205.76,215,202.29,194.66,193.97,186.57,180.79,172.23,166.69,151.89,166.92,161.14,147.27,150.73,148.42,150.73,154.43,142.64,142.18,150.27,143.11,145.42,137.33,143.34,130.16,77.679,0,0,0,0,0,0,0,0,0,0,0,0,0,0,0,0,0,0,0,0,0,0,0,0,0,0,0,0,0,0,0,0,0,0,0,0,0,0,0,0,0,0,0,0
0,0,0,0,0,0,0,0,0,0,0,0,0,0,0,0,0,133.71,131.45,147.49,147.94,147.71,141.39,146.36,145.46,165.56,164.65,157.43,169.17,170.3,187.02,193.11,187.24,192.21,212.76,223.15,228.8,237.38,239.87,223.15,231.51,252.06,255,242.35,243.71,233.09,247.09,244.61,232.64,228.57,213.44,206.21,224.73,208.47,196.5,196.5,185.89,183.4,170.75,163.53,149.3,163.53,156.75,142.07,145.68,142.75,143.2,147.71,136.65,131.68,138.68,135.07,135.07,129.19,131.23,125.81,133.71,0,0,0,0,0,0,0,0,0,0,0,0,0,0,0,0,0,0,0,0,0,0,0,0,0,0,0,0,0,0,0,0,0,0,0,0,0,0,0,0,0,0,0,0
0,0,0,0,0,0,0,0,0,0,0,0,0,0,0,0,0,61.957,122.17,124.13,136.09,132.39,137.39,133.04,131.3,137.61,154.35,153.7,149.13,158.7,162.83,178.04,184.78,183.04,186.3,208.48,218.7,229.57,235.43,231.52,226.96,235.43,254.78,255,245.22,242.83,245.87,252.83,236.96,229.57,223.7,216.09,215.22,219.78,197.61,193.7,181.52,183.7,166.74,161.74,145.22,156.96,150.87,136.09,138.91,135.22,135.22,139.35,128.48,120,128.04,127.39,120.22,120.22,120.22,118.91,111.74,65.87,0,0,0,0,0,0,0,0,0,0,0,0,0,0,0,0,0,0,0,0,0,0,0,0,0,0,0,0,0,0,0,0,0,0,0,0,0,0,0,0,0,0,0
0,0,0,0,0,0,0,0,0,0,0,0,0,0,0,0,0,0,108.56,107.14,113.22,121.93,119.7,120.11,119.9,116.06,125.78,140.77,138.74,136.51,145.22,150.69,165.48,171.15,170.74,177.83,196.06,208.21,221.38,225.23,222.8,221.99,228.26,255,251.35,237.18,236.57,245.89,242.85,233.33,217.12,212.67,213.07,213.28,194.64,188.77,176.01,175,160.21,152.51,137.32,147.65,139.75,126.99,127.8,124.16,122.94,127.4,113.63,108.16,116.87,114.84,105.93,111.8,102.28,108.36,99.245,107.95,0,0,0,0,0,0,0,0,0,0,0,0,0,0,0,0,0,0,0,0,0,0,0,0,0,0,0,0,0,0,0,0,0,0,0,0,0,0,0,0,0,0,0
0,0,0,0,0,0,0,0,0,0,0,0,0,0,0,0,0,0,52.323,93.753,98.81,108.34,109.7,111.84,106.01,111.84,109.31,117.29,134.02,127.6,129.35,138.49,144.13,156,165.53,165.92,174.08,193.34,201.51,223.49,223.88,221.16,220.18,246.25,255,247.22,240.8,243.72,250.53,236.91,231.08,213.18,210.65,217.27,198.59,187.89,178.36,170.97,162.61,148.41,134.21,142.19,135.77,120.98,121.57,118.07,116.12,120.4,105.42,103.28,105.62,106.78,97.643,102.12,94.142,95.309,96.087,90.835,52.517,0,0,0,0,0,0,0,0,0,0,0,0,0,0,0,0,0,0,0,0,0,0,0,0,0,0,0,0,0,0,0,0,0,0,0,0,0,0,0,0,0,0
0,0,0,0,0,0,0,0,0,0,0,0,0,0,0,0,0,0,0,89.157,89.343,91.018,102.56,96.974,102.19,96.974,99.953,105.16,108.14,123.78,120.43,121.36,130.85,137.92,148.91,160.45,158.96,170.5,189.11,199.72,221.68,225.22,218.7,221.5,255,253.7,247,242.72,249.23,244.76,239.55,222.99,208.65,219.26,205.86,187.06,179.06,169.94,161.38,145.55,131.04,138.48,129.92,115.59,115.96,111.86,109.45,112.8,98.65,95.485,97.347,96.602,93.066,91.204,87.854,87.668,87.854,80.967,90.274,0,0,0,0,0,0,0,0,0,0,0,0,0,0,0,0,0,0,0,0,0,0,0,0,0,0,0,0,0,0,0,0,0,0,0,0,0,0,0,0,0,0
0,0,0,0,0,0,0,0,0,0,0,0,0,0,0,0,0,0,0,42.323,78.094,77.385,87.479,92.969,87.302,91.906,87.479,91.198,99.698,100.58,115.1,112.98,112.8,122.72,131.4,143.08,151.94,155.12,166.81,184.88,195.32,219.05,224.72,219.58,230.74,249.69,255,246.85,245.97,254.11,240.83,227.02,219.05,212.5,206.66,190.19,178.32,171.95,157.6,142.91,128.92,133.52,123.6,111.74,108.02,106.25,103.06,105.54,91.906,88.719,88.719,89.073,83.052,81.99,83.406,78.448,81.104,75.26,73.135,43.208,0,0,0,0,0,0,0,0,0,0,0,0,0,0,0,0,0,0,0,0,0,0,0,0,0,0,0,0,0,0,0,0,0,0,0,0,0,0,0,0,0
0,0,0,0,0,0,0,0,0,0,0,0,0,0,0,0,0,0,0,0,71.095,68.011,68.66,75.964,79.211,78.399,83.431,76.451,78.886,88.3,89.924,104.05,100.96,101.29,113.78,119.14,131.8,140.57,144.3,157.29,173.52,191.05,208.25,216.69,209.06,219.94,255,243.48,233.25,244.77,237.96,233.57,211.99,206.63,207.93,180.01,172.22,165.73,149.01,136.02,122.39,123.52,114.27,104.05,98.364,95.767,94.306,94.955,82.132,78.886,78.561,78.886,75.802,69.959,74.504,66.388,68.011,69.796,61.518,71.582,0,0,0,0,0,0,0,0,0,0,0,0,0,0,0,0,0,0,0,0,0,0,0,0,0,0,0,0,0,0,0,0,0,0,0,0,0,0,0,0,0
0,0,0,0,0,0,0,0,0,0,0,0,0,0,0,0,0,0,0,0,33.548,61.112,63.159,65.994,73.397,70.09,73.397,74.815,72.925,74.027,83.162,84.895,97.338,98.44,97.338,109.15,114.03,130.73,138.6,142.54,157.5,174.2,192,214.05,218.14,214.21,240.04,255,245.71,246.97,253.74,241.93,222.4,210.9,216.41,190.74,176.09,169,149.79,138.13,122.7,122.38,111.36,103.01,93.085,95.448,88.833,90.88,78.28,74.815,72.925,74.657,71.35,64.734,68.987,62.529,63.317,63.317,57.332,61.269,33.391,0,0,0,0,0,0,0,0,0,0,0,0,0,0,0,0,0,0,0,0,0,0,0,0,0,0,0,0,0,0,0,0,0,0,0,0,0,0,0,0
0,0,0,0,0,0,0,0,0,0,0,0,0,0,0,0,0,0,0,0,0.14947,57.397,54.557,56.052,62.031,66.964,63.077,66.366,68.159,66.067,67.86,76.829,77.726,90.281,91.926,92.374,104.48,106.27,126.01,134.08,137.81,154.26,173.84,192.82,210.16,217.03,216.14,251.26,255,247.83,252.16,249.92,234.37,218.53,212.25,199.4,179.67,165.76,150.52,136.77,119.13,119.13,106.13,101.34,87.292,91.178,82.808,85.199,72.644,69.505,66.964,68.309,65.17,59.341,62.479,56.501,55.753,59.49,52.166,50.97,59.042,0,0,0,0,0,0,0,0,0,0,0,0,0,0,0,0,0,0,0,0,0,0,0,0,0,0,0,0,0,0,0,0,0,0,0,0,0,0,0,0
0,0,0,0,0,0,0,0,0,0,0,0,0,0,0,0,0,0,0,0,0,26.606,48.171,50.692,48.171,55.313,59.794,56.713,58.814,61.474,59.654,61.334,70.297,70.577,82.759,84.16,87.801,96.903,100.12,117.49,128.27,134.01,149.98,170.56,190.58,209.91,212.71,225.17,254.02,248.28,247.44,255,239.46,221.95,211.59,205.57,180.92,165.24,149,133.87,114.41,116.23,99.843,96.483,84.02,86.12,75.058,76.878,67.776,62.875,62.455,61.054,59.094,52.512,56.293,50.412,49.852,49.572,51.812,44.25,49.292,24.926,0,0,0,0,0,0,0,0,0,0,0,0,0,0,0,0,0,0,0,0,0,0,0,0,0,0,0,0,0,0,0,0,0,0,0,0,0,0,0
0,0,0,0,0,0,0,0,0,0,0,0,0,0,0,0,0,0,0,0,0,0,44.891,43.43,44.227,47.281,46.086,55.117,51.664,53.125,55.914,54.453,55.914,63.75,66.008,76.5,79.555,83.539,89.516,95.094,114.09,123.25,132.81,146.62,170.4,192.71,213.83,215.29,233.75,255,252.08,253.27,251.95,232.82,215.02,210.38,187.66,167.08,150.08,133.48,113.16,114.62,97.484,91.375,81.547,79.422,70.789,72.648,65.477,56.578,57.773,55.914,53.789,48.477,50.203,46.617,43.695,45.156,44.758,42.234,38.648,47.016,0,0,0,0,0,0,0,0,0,0,0,0,0,0,0,0,0,0,0,0,0,0,0,0,0,0,0,0,0,0,0,0,0,0,0,0,0,0,0
0,0,0,0,0,0,0,0,0,0,0,0,0,0,0,0,0,0,0,0,0,0,20.976,36.951,36.829,37.683,40.732,42.927,46.951,44.878,46.341,49.39,48.049,51.585,54.634,58.415,69.512,70.976,77.073,82.683,87.805,104.39,118.54,124.76,141.46,165.61,190.24,208.9,209.02,240,251.95,243.41,255,238.17,214.39,209.76,183.41,167.93,148.05,130.24,108.54,107.68,91.341,86.341,76.707,73.293,65.854,66.341,55.366,50.366,53.415,49.878,47.073,42.805,43.659,40.244,39.146,39.268,39.634,35,34.634,39.024,18.415,0,0,0,0,0,0,0,0,0,0,0,0,0,0,0,0,0,0,0,0,0,0,0,0,0,0,0,0,0,0,0,0,0,0,0,0,0,0
0,0,0,0,0,0,0,0,0,0,0,0,0,0,0,0,0,0,0,0,0,0,0,33.568,33.336,34.262,32.989,36.809,39.008,42.018,40.281,41.902,44.68,42.712,50.12,49.31,54.519,62.853,66.21,73.849,78.248,86.003,98.62,114.25,124.55,141.33,167.38,194,211.94,216.8,255,252.57,252.11,251.76,227.68,215.76,193.88,171.77,154.06,128.6,109.85,105.45,89.244,83.804,74.544,68.756,64.126,58.917,51.162,49.542,48.268,45.722,42.944,37.851,40.281,36.114,35.536,35.304,34.378,33.568,29.054,31.021,35.883,0,0,0,0,0,0,0,0,0,0,0,0,0,0,0,0,0,0,0,0,0,0,0,0,0,0,0,0,0,0,0,0,0,0,0,0,0,0
0,0,0,0,0,0,0,0,0,0,0,0,0,0,0,0,0,0,0,0,0,0,0,15.435,27.488,27.805,28.439,28.228,32.879,34.677,35.205,34.677,36.897,40.068,37.743,43.557,43.134,48.103,53.918,63.856,65.336,70.939,78.657,91.343,108.79,118.73,136.91,164.29,191.67,206.9,219.9,255,245.27,254.89,233.43,214.83,198.97,168.84,154.14,126.55,106.25,100.75,84.049,76.859,69.142,63.327,60.367,50.958,46.412,44.297,43.029,40.174,37.743,33.408,35.1,30.871,30.765,29.708,28.968,29.391,26.43,25.479,30.765,12.898,0,0,0,0,0,0,0,0,0,0,0,0,0,0,0,0,0,0,0,0,0,0,0,0,0,0,0,0,0,0,0,0,0,0,0,0,0
0,0,0,0,0,0,0,0,0,0,0,0,0,0,0,0,0,0,0,0,0,0,0,0,26.103,23.038,23.928,25.51,24.62,28.674,30.454,30.948,30.651,32.728,34.606,34.804,39.254,38.463,44.791,47.757,58.04,62.885,64.862,76.826,86.417,104.12,116.77,137.34,165.52,193.8,212.58,236.11,255,251.34,249.86,221.68,208.53,177.18,155.83,126.36,107.58,99.271,81.078,72.97,65.851,59.325,57.051,46.472,43.011,39.451,39.748,37.276,31.146,30.948,31.442,27.29,26.993,25.905,24.62,26.103,23.038,22.445,23.829,25.807,0,0,0,0,0,0,0,0,0,0,0,0,0,0,0,0,0,0,0,0,0,0,0,0,0,0,0,0,0,0,0,0,0,0,0,0,0
0,0,0,0,0,0,0,0,0,0,0,0,0,0,0,0,0,0,0,0,0,0,0,0,11.024,20.498,20.498,20.225,21.318,21.865,24.507,25.327,27.513,26.785,28.151,31.886,31.066,32.069,35.166,39.539,43.274,52.567,57.122,62.224,71.517,80.536,98.028,113.52,135.74,164.17,200.79,209.99,252.27,250.44,255,235.14,215.55,184.12,156.61,128.27,106.5,97.026,77.347,68.237,63.226,53.66,52.385,42.454,37.262,37.717,34.164,32.797,28.516,26.238,27.605,24.143,22.594,22.412,21.227,22.32,20.134,19.041,18.95,23.505,9.2015,0,0,0,0,0,0,0,0,0,0,0,0,0,0,0,0,0,0,0,0,0,0,0,0,0,0,0,0,0,0,0,0,0,0,0,0
0,0,0,0,0,0,0,0,0,0,0,0,0,0,0,0,0,0,0,0,0,0,0,0,0,17.76,16.851,16.686,17.843,17.264,18.256,20.569,21.147,23.955,22.303,24.534,26.929,27.259,27.507,32.877,33.455,38.494,44.276,50.637,58.484,64.514,75.005,94.5,107.06,133.41,165.21,203.12,213.86,255,251.61,247.65,214.85,191.48,161.41,129.11,104.08,92.765,75.005,63.44,57.162,50.719,43.946,37.668,34.198,33.455,30.068,27.92,24.203,22.799,23.79,19.825,19.577,19.247,17.677,19.164,17.347,15.282,15.447,17.099,18.256,0,0,0,0,0,0,0,0,0,0,0,0,0,0,0,0,0,0,0,0,0,0,0,0,0,0,0,0,0,0,0,0,0,0,0,0
0,0,0,0,0,0,0,0,0,0,0,0,0,0,0,0,0,0,0,0,0,0,0,0,0,7.275,14.1,14.25,13.65,14.85,14.325,15,17.325,16.8,21.525,18.6,21.3,22.275,23.925,24.525,27.825,28.275,34.8,38.325,46.575,53.475,59.4,68.475,89.775,104.55,130.95,170.03,202.12,229.5,253.28,255,227.47,203.7,164.62,130.57,102.6,88.95,70.575,60.75,51.75,48.3,38.7,33.225,30.6,28.8,27.225,22.575,21.375,21,19.275,16.65,16.2,16.8,14.25,16.2,14.25,13.275,12.675,12.975,16.575,6,0,0,0,0,0,0,0,0,0,0,0,0,0,0,0,0,0,0,0,0,0,0,0,0,0,0,0,0,0,0,0,0,0,0,0
0,0,0,0,0,0,0,0,0,0,0,0,0,0,0,0,0,0,0,0,0,0,0,0,0,0,12.085,11.072,10.87,11.68,12.017,11.612,12.017,14.515,14.515,17.014,16.811,16.473,18.431,21.334,21.604,22.01,27.276,28.896,33.082,40.306,47.53,54.349,64.813,82.705,100.8,130.98,174.32,205.78,243.19,255,243.46,213.48,171.15,134.83,103.23,83.515,67.244,57.387,46.922,43.006,33.689,29.774,28.288,24.778,22.55,19.174,18.364,17.891,14.988,14.448,13.435,13.705,12.49,12.49,11.95,11.005,9.9921,10.397,12.963,11.005,0,0,0,0,0,0,0,0,0,0,0,0,0,0,0,0,0,0,0,0,0,0,0,0,0,0,0,0,0,0,0,0,0,0,0
0,0,0,0,0,0,0,0,0,0,0,0,0,0,0,0,0,0,0,0,0,0,0,0,0,0,4.6877,9.4355,8.7745,8.5942,9.1951,9.6158,9.6158,9.736,11.719,11.178,12.501,15.085,13.642,15.385,16.828,19.111,19.472,21.155,23.919,29.268,33.836,43.752,49.041,60.219,74.943,99.404,129.03,177.77,214.37,253.62,255,222.01,183.6,139.79,102.11,80.893,63.404,53.608,44.774,34.797,29.749,26.684,23.679,21.576,18.09,15.205,16.527,14.364,12.02,11.659,11.178,10.998,10.878,9.4355,9.736,8.5942,7.9932,8.0533,9.0749,10.517,3.8463,0,0,0,0,0,0,0,0,0,0,0,0,0,0,0,0,0,0,0,0,0,0,0,0,0,0,0,0,0,0,0,0,0,0
0,0,0,0,0,0,0,0,0,0,0,0,0,0,0,0,0,0,0,0,0,0,0,0,0,0,0,7.4034,6.8299,6.2043,6.882,6.9342,7.0906,7.5598,7.7162,8.029,9.4367,9.9059,10.688,11.887,12.356,13.034,15.015,16.527,17.466,21.272,22.575,28.727,35.296,43.69,53.596,68.299,95.931,126.38,182.9,223.61,255,237.59,196.35,142.59,100.42,77.266,59.331,46.141,39.259,29.614,25.599,22.679,19.968,16.319,14.65,13.608,12.773,10.219,10.219,9.4367,9.0196,7.8726,9.0718,7.1948,6.6735,6.9342,6.2043,6.2043,6.7256,8.1854,6.2043,0,0,0,0,0,0,0,0,0,0,0,0,0,0,0,0,0,0,0,0,0,0,0,0,0,0,0,0,0,0,0,0,0,0
0,0,0,0,0,0,0,0,0,0,0,0,0,0,0,0,0,0,0,0,0,0,0,0,0,0,0,2.5301,5.512,4.744,4.9247,5.0602,5.2861,5.3313,6.0994,5.6024,5.738,7.003,7.5904,7.9518,9.1717,9.9398,10.572,11.34,13.328,14.864,16.581,19.97,22.681,28.148,38.901,46.581,62.214,92.349,127.09,191.11,242.53,255,212.94,152.21,102.42,73.509,54.307,42.47,32.349,24.352,22.455,19.202,14.819,13.102,12.244,11.069,8.8102,8.494,7.7711,7.5,6.4157,7.4548,5.512,6.0542,4.5181,5.1506,4.7892,4.6988,4.9247,6.009,5.1958,2.1687,0,0,0,0,0,0,0,0,0,0,0,0,0,0,0,0,0,0,0,0,0,0,0,0,0,0,0,0,0,0,0,0,0
0,0,0,0,0,0,0,0,0,0,0,0,0,0,0,0,0,0,0,0,0,0,0,0,0,0,0,0,3.5868,3.6989,3.2879,3.6615,3.5121,3.5868,3.6615,4.0352,4.4462,3.9604,4.2967,5.3055,5.9407,6.4637,6.5758,8.7055,8.3692,9.3407,11.246,13.114,14.684,18.457,21.334,29.89,41.435,54.325,83.169,126.96,197.05,255,232.1,163.87,102.11,66.879,47.563,35.943,25.556,21.409,17.673,13.301,11.171,10.91,8.8923,7.2484,6.8374,6.0901,5.7912,4.9692,5.567,4.3714,4.4462,3.4,3.7736,3.2505,3.4747,3.1385,3.5121,3.8484,4.222,2.989,0,0,0,0,0,0,0,0,0,0,0,0,0,0,0,0,0,0,0,0,0,0,0,0,0,0,0,0,0,0,0,0,0
0,0,0,0,0,0,0,0,0,0,0,0,0,0,0,0,0,0,0,0,0,0,0,0,0,0,0,0,1.3121,2.258,2.38,2.38,2.1359,2.319,2.38,2.4716,2.6547,2.5936,3.2649,3.1124,3.2344,3.326,4.6075,4.5465,5.2178,6.4688,7.2622,7.3537,9.4896,11.351,13.395,17.21,22.092,32.68,47.265,75.612,130.6,221.62,255,185.86,104.23,62.766,41.925,27.493,20.902,16.386,12.297,9.9473,9.0319,6.774,6.1332,5.1873,4.9126,4.1193,4.0278,3.8447,3.1429,3.0513,2.5631,2.7767,2.0444,2.319,2.258,2.2275,2.4106,2.5326,2.8683,2.0749,0.94591,0,0,0,0,0,0,0,0,0,0,0,0,0,0,0,0,0,0,0,0,0,0,0,0,0,0,0,0,0,0,0,0
0,0,0,0,0,0,0,0,0,0,0,0,0,0,0,0,0,0,0,0,0,0,0,0,0,0,0,0,0,1.3584,1.4797,1.4797,1.3827,1.2129,1.4797,1.4555,1.6738,1.4312,1.6253,1.9164,1.7223,2.3288,2.159,2.4986,2.7169,3.2263,3.76,4.3664,5.5793,6.3313,7.3987,9.4606,12.347,16.398,23.191,39.128,67.607,140.99,255,227.08,112.17,57.152,33.816,21.784,15.671,10.722,8.9027,6.7922,5.3853,4.5362,3.9541,3.3476,3.3961,2.6199,2.5471,1.9892,1.9406,1.9406,1.3584,1.7223,1.4312,1.407,1.3099,1.407,1.504,1.8436,1.5525,1.2372,1.1644,0,0,0,0,0,0,0,0,0,0,0,0,0,0,0,0,0,0,0,0,0,0,0,0,0,0,0,0,0,0,0,0
0,0,0,0,0,0,0,0,0,0,0,0,0,0,0,0,0,0,0,0,0,0,0,0,0,0,0,0,0,0.43587,0.46816,0.64573,0.74259,0.5973,0.58116,0.79102,0.41973,0.77488,0.75874,0.8556,0.66188,0.92017,0.90403,1.0655,1.1623,1.2753,1.5336,1.7273,1.7112,2.5022,3.0349,3.6,5.5049,6.3605,9.2824,13.754,23.327,50.819,144.81,255,115.99,43.91,21.341,12.979,8.4268,5.8116,4.1811,3.487,2.6475,2.6152,1.8242,1.8081,1.2107,1.0493,1.1946,0.82331,0.95246,0.77488,0.71031,0.74259,0.66188,0.71031,0.79102,0.64573,0.93631,0.71031,0.62959,0.51659,0.54887,0.22601,0,0,0,0,0,0,0,0,0,0,0,0,0,0,0,0,0,0,0,0,0,0,0,0,0,0,0,0,0,0,0
0,0,0,0,0,0,0,0,0,0,0,0,0,0,0,0,0,0,0,0,0,0,0,0,0,0,0,0,0,0,0.36085,0.21384,0.17374,0.29403,0.25393,0.32075,0.33412,0.34748,0.24057,0.30739,0.34748,0.40094,0.21384,0.46777,0.44104,0.4945,0.66824,0.52123,0.76179,0.85535,1.1494,1.2162,1.6973,2.1517,3.0338,4.7311,8.1525,15.396,42.513,255,218.01,38.557,13.98,6.7893,4.3035,3.1407,2.2186,1.3231,1.3365,0.76179,0.88208,0.65487,0.58805,0.50786,0.50786,0.40094,0.44104,0.44104,0.34748,0.42767,0.4544,0.36085,0.38758,0.28066,0.28066,0.21384,0.21384,0.2272,0.2272,0.18711,0,0,0,0,0,0,0,0,0,0,0,0,0,0,0,0,0,0,0,0,0,0,0,0,0,0,0,0,0,0,0
0,0,0,0,0,0,0,0,0,0,0,0,0,0,0,0,0,0,0,0,0,0,0,0,0,0,0,0,0,0,0,0,0,0,0,0,0,0,0,0,0,0,0,0,0,0,0,0,0,0,0,0,0,0,0,0,0,0,0,0,255,0,0,0,0,0,0,0,0,0,0,0,0,0,0,0,0,0,0,0,0,0,0,0,0,0,0,0,0,0,0,0,0,0,0,0,0,0,0,0,0,0,0,0,0,0,0,0,0,0,0,0,0,0,0,0,0,0,0,0,0
0,0,0,0,0,0,0,0,0,0,0,0,0,0,0,0,0,0,0,0,0,0,0,0,0,0,0,0,0,0,0,0.18709,0.22718,0.22718,0.21381,0.21381,0.28063,0.28063,0.38754,0.36081,0.45435,0.42763,0.34745,0.44099,0.44099,0.4009,0.50781,0.50781,0.58799,0.65481,0.88198,0.76171,1.3363,1.323,2.2183,3.1404,4.303,6.7886,13.978,38.553,217.96,255,42.509,15.395,8.1517,4.7306,3.0335,2.1515,1.6971,1.2161,1.1493,0.85526,0.76171,0.52117,0.66817,0.49445,0.44099,0.46772,0.21381,0.4009,0.34745,0.30736,0.24054,0.34745,0.33408,0.32072,0.2539,0.29399,0.17372,0.21381,0.36081,0,0,0,0,0,0,0,0,0,0,0,0,0,0,0,0,0,0,0,0,0,0,0,0,0,0,0,0,0,0
0,0,0,0,0,0,0,0,0,0,0,0,0,0,0,0,0,0,0,0,0,0,0,0,0,0,0,0,0,0,0,0.22601,0.54887,0.51659,0.62959,0.71031,0.93631,0.64573,0.79102,0.71031,0.66188,0.74259,0.71031,0.77488,0.95246,0.82331,1.1946,1.0493,1.2107,1.8081,1.8242,2.6152,2.6475,3.487,4.1811,5.8116,8.4268,12.979,21.341,43.91,115.99,255,144.81,50.819,23.327,13.754,9.2824,6.3605,5.5049,3.6,3.0349,2.5022,1.7112,1.7273,1.5336,1.2753,1.1623,1.0655,0.90403,0.92017,0.66188,0.8556,0.75874,0.77488,0.41973,0.79102,0.58116,0.5973,0.74259,0.64573,0.46816,0.43587,0,0,0,0,0,0,0,0,0,0,0,0,0,0,0,0,0,0,0,0,0,0,0,0,0,0,0,0,0
0,0,0,0,0,0,0,0,0,0,0,0,0,0,0,0,0,0,0,0,0,0,0,0,0,0,0,0,0,0,0,0,1.1643,1.237,1.5524,1.8434,1.5039,1.4068,1.3098,1.4068,1.4311,1.7222,1.3583,1.9405,1.9405,1.989,2.5468,2.6196,3.3958,3.3473,3.9537,4.5358,5.3848,6.7916,8.9018,10.721,15.669,21.782,33.812,57.146,112.16,227.03,255,140.97,67.601,39.124,23.188,16.397,12.346,9.4597,7.398,6.3307,5.5788,4.366,3.7596,3.226,2.7166,2.4983,2.1588,2.3285,1.7222,1.9162,1.6251,1.4311,1.6736,1.4553,1.4796,1.2128,1.3826,1.4796,1.4796,1.3583,0,0,0,0,0,0,0,0,0,0,0,0,0,0,0,0,0,0,0,0,0,0,0,0,0,0,0,0,0
0,0,0,0,0,0,0,0,0,0,0,0,0,0,0,0,0,0,0,0,0,0,0,0,0,0,0,0,0,0,0,0,0.94591,2.0749,2.8683,2.5326,2.4106,2.2275,2.258,2.319,2.0444,2.7767,2.5631,3.0513,3.1429,3.8447,4.0278,4.1193,4.9126,5.1873,6.1332,6.774,9.0319,9.9473,12.297,16.386,20.902,27.493,41.925,62.766,104.23,185.86,255,221.62,130.6,75.612,47.265,32.68,22.092,17.21,13.395,11.351,9.4896,7.3537,7.2622,6.4688,5.2178,4.5465,4.6075,3.326,3.2344,3.1124,3.2649,2.5936,2.6547,2.4716,2.38,2.319,2.1359,2.38,2.38,2.258,1.3121,0,0,0,0,0,0,0,0,0,0,0,0,0,0,0,0,0,0,0,0,0,0,0,0,0,0,0,0
0,0,0,0,0,0,0,0,0,0,0,0,0,0,0,0,0,0,0,0,0,0,0,0,0,0,0,0,0,0,0,0,0,2.989,4.222,3.8484,3.5121,3.1385,3.4747,3.2505,3.7736,3.4,4.4462,4.3714,5.567,4.9692,5.7912,6.0901,6.8374,7.2484,8.8923,10.91,11.171,13.301,17.673,21.409,25.556,35.943,47.563,66.879,102.11,163.87,232.1,255,197.05,126.96,83.169,54.325,41.435,29.89,21.334,18.457,14.684,13.114,11.246,9.3407,8.3692,8.7055,6.5758,6.4637,5.9407,5.3055,4.2967,3.9604,4.4462,4.0352,3.6615,3.5868,3.5121,3.6615,3.2879,3.6989,3.5868,0,0,0,0,0,0,0,0,0,0,0,0,0,0,0,0,0,0,0,0,0,0,0,0,0,0,0,0
0,0,0,0,0,0,0,0,0,0,0,0,0,0,0,0,0,0,0,0,0,0,0,0,0,0,0,0,0,0,0,0,0,2.1687,5.1958,6.009,4.9247,4.6988,4.7892,5.1506,4.5181,6.0542,5.512,7.4548,6.4157,7.5,7.7711,8.494,8.8102,11.069,12.244,13.102,14.819,19.202,22.455,24.352,32.349,42.47,54.307,73.509,102.42,152.21,212.94,255,242.53,191.11,127.09,92.349,62.214,46.581,38.901,28.148,22.681,19.97,16.581,14.864,13.328,11.34,10.572,9.9398,9.1717,7.9518,7.5904,7.003,5.738,5.6024,6.0994,5.3313,5.2861,5.0602,4.9247,4.744,5.512,2.5301,0,0,0,0,0,0,0,0,0,0,0,0,0,0,0,0,0,0,0,0,0,0,0,0,0,0,0
0,0,0,0,0,0,0,0,0,0,0,0,0,0,0,0,0,0,0,0,0,0,0,0,0,0,0,0,0,0,0,0,0,0,6.2004,8.1804,6.7215,6.2004,6.2004,6.9299,6.6694,7.1904,9.0662,7.8678,9.0141,9.4309,10.213,10.213,12.766,13.599,14.641,16.309,19.956,22.666,25.583,29.595,39.235,46.113,59.295,77.219,100.35,142.51,196.23,237.28,255,223.48,182.78,126.3,95.872,68.257,53.564,43.664,35.275,28.71,22.561,21.259,17.455,16.517,15.006,13.026,12.349,11.88,10.681,9.8999,9.4309,8.0241,7.7115,7.5552,7.0862,6.9299,6.8778,6.2004,6.8257,7.3989,0,0,0,0,0,0,0,0,0,0,0,0,0,0,0,0,0,0,0,0,0,0,0,0,0,0,0
0,0,0,0,0,0,0,0,0,0,0,0,0,0,0,0,0,0,0,0,0,0,0,0,0,0,0,0,0,0,0,0,0,0,3.8463,10.517,9.0749,8.0533,7.9932,8.5942,9.736,9.4355,10.878,10.998,11.178,11.659,12.02,14.364,16.527,15.205,18.09,21.576,23.679,26.684,29.749,34.797,44.774,53.608,63.404,80.893,102.11,139.79,183.6,222.01,255,253.62,214.37,177.77,129.03,99.404,74.943,60.219,49.041,43.752,33.836,29.268,23.919,21.155,19.472,19.111,16.828,15.385,13.642,15.085,12.501,11.178,11.719,9.736,9.6158,9.6158,9.1951,8.5942,8.7745,9.4355,4.6877,0,0,0,0,0,0,0,0,0,0,0,0,0,0,0,0,0,0,0,0,0,0,0,0,0,0
0,0,0,0,0,0,0,0,0,0,0,0,0,0,0,0,0,0,0,0,0,0,0,0,0,0,0,0,0,0,0,0,0,0,0,11.002,12.959,10.394,9.9894,11.002,11.947,12.487,12.487,13.702,13.432,14.444,14.984,17.886,18.359,19.169,22.544,24.771,28.281,29.766,33.681,42.995,46.91,57.372,67.226,83.493,103.2,134.79,171.1,213.42,243.32,255,243.12,205.73,174.27,130.94,100.77,82.683,64.796,54.334,47.517,40.295,33.073,28.888,27.268,22.004,21.599,21.329,18.426,16.469,16.807,17.009,14.512,14.512,12.014,11.609,12.014,11.677,10.867,11.069,12.082,0,0,0,0,0,0,0,0,0,0,0,0,0,0,0,0,0,0,0,0,0,0,0,0,0,0
0,0,0,0,0,0,0,0,0,0,0,0,0,0,0,0,0,0,0,0,0,0,0,0,0,0,0,0,0,0,0,0,0,0,0,6,16.575,12.975,12.675,13.275,14.25,16.2,14.25,16.8,16.2,16.65,19.275,21,21.375,22.575,27.225,28.8,30.6,33.225,38.7,48.3,51.75,60.75,70.575,88.95,102.6,130.57,164.62,203.7,227.47,255,253.28,229.5,202.12,170.03,130.95,104.55,89.775,68.475,59.4,53.475,46.575,38.325,34.8,28.275,27.825,24.525,23.925,22.275,21.3,18.6,21.525,16.8,17.325,15,14.325,14.85,13.65,14.25,14.1,7.275,0,0,0,0,0,0,0,0,0,0,0,0,0,0,0,0,0,0,0,0,0,0,0,0,0
0,0,0,0,0,0,0,0,0,0,0,0,0,0,0,0,0,0,0,0,0,0,0,0,0,0,0,0,0,0,0,0,0,0,0,0,18.256,17.099,15.447,15.282,17.347,19.164,17.677,19.247,19.577,19.825,23.79,22.799,24.203,27.92,30.068,33.455,34.198,37.668,43.946,50.719,57.162,63.44,75.005,92.765,104.08,129.11,161.41,191.48,214.85,247.48,251.78,255,213.86,203.12,165.21,133.41,107.06,94.5,75.005,64.514,58.484,50.637,44.276,38.494,33.455,32.877,27.507,27.259,26.929,24.534,22.303,23.955,21.147,20.569,18.256,17.264,17.843,16.686,16.851,17.76,0,0,0,0,0,0,0,0,0,0,0,0,0,0,0,0,0,0,0,0,0,0,0,0,0
0,0,0,0,0,0,0,0,0,0,0,0,0,0,0,0,0,0,0,0,0,0,0,0,0,0,0,0,0,0,0,0,0,0,0,0,9.2015,23.505,18.95,19.041,20.134,22.32,21.227,22.412,22.594,24.143,27.605,26.238,28.516,32.797,34.164,37.717,37.262,42.454,52.385,53.66,63.226,68.237,77.347,97.026,106.5,128.27,156.61,184.12,215.55,235.14,255,250.44,252.27,209.99,200.79,164.17,135.74,113.52,98.028,80.536,71.517,62.224,57.122,52.567,43.274,39.539,35.166,32.069,31.066,31.886,28.151,26.785,27.513,25.327,24.507,21.865,21.318,20.225,20.498,20.498,11.024,0,0,0,0,0,0,0,0,0,0,0,0,0,0,0,0,0,0,0,0,0,0,0,0
0,0,0,0,0,0,0,0,0,0,0,0,0,0,0,0,0,0,0,0,0,0,0,0,0,0,0,0,0,0,0,0,0,0,0,0,0,25.807,23.829,22.445,23.038,26.103,24.62,25.905,26.993,27.29,31.442,30.948,31.146,37.276,39.748,39.451,43.011,46.472,57.051,59.325,65.851,72.97,81.078,99.271,107.58,126.36,155.83,177.18,208.53,221.68,249.56,251.64,255,236.11,212.58,193.8,165.52,137.34,116.77,104.12,86.417,76.826,64.862,62.885,58.04,47.757,44.791,38.463,39.254,34.804,34.606,32.728,30.651,30.948,30.454,28.674,24.62,25.51,23.928,23.038,26.103,0,0,0,0,0,0,0,0,0,0,0,0,0,0,0,0,0,0,0,0,0,0,0,0
0,0,0,0,0,0,0,0,0,0,0,0,0,0,0,0,0,0,0,0,0,0,0,0,0,0,0,0,0,0,0,0,0,0,0,0,0,12.898,30.765,25.479,26.43,29.391,28.968,29.708,30.765,30.871,35.1,33.408,37.743,40.174,43.029,44.297,46.412,50.958,60.367,63.327,69.142,76.859,84.049,100.75,106.25,126.55,154.14,168.84,198.97,214.83,233.43,254.89,245.27,255,219.9,206.9,191.67,164.29,136.91,118.73,108.79,91.343,78.657,70.939,65.336,63.856,53.918,48.103,43.134,43.557,37.743,40.068,36.897,34.677,35.205,34.677,32.879,28.228,28.439,27.805,27.488,15.435,0,0,0,0,0,0,0,0,0,0,0,0,0,0,0,0,0,0,0,0,0,0,0
0,0,0,0,0,0,0,0,0,0,0,0,0,0,0,0,0,0,0,0,0,0,0,0,0,0,0,0,0,0,0,0,0,0,0,0,0,0,35.883,31.021,29.054,33.568,34.378,35.304,35.536,36.114,40.281,37.851,42.944,45.722,48.268,49.542,51.162,58.917,64.126,68.756,74.544,83.804,89.244,105.45,109.85,128.6,154.06,171.77,193.88,215.76,227.68,251.64,252.22,252.57,255,216.8,211.94,194,167.38,141.33,124.55,114.25,98.62,86.003,78.248,73.849,66.21,62.853,54.519,49.31,50.12,42.712,44.68,41.902,40.281,42.018,39.008,36.809,32.989,34.262,33.336,33.452,0.11575,0,0,0,0,0,0,0,0,0,0,0,0,0,0,0,0,0,0,0,0,0,0
0,0,0,0,0,0,0,0,0,0,0,0,0,0,0,0,0,0,0,0,0,0,0,0,0,0,0,0,0,0,0,0,0,0,0,0,0,0,18.415,39.024,34.634,35,39.634,39.268,39.146,40.244,43.659,42.805,47.073,49.878,53.415,50.366,55.366,66.341,65.854,73.293,76.707,86.341,91.341,107.68,108.54,130.24,148.05,167.93,183.41,209.76,214.39,238.17,255,243.41,251.95,240,209.02,208.9,190.24,165.61,141.46,124.76,118.54,104.39,87.805,82.683,77.073,70.976,69.512,58.415,54.634,51.585,48.049,49.39,46.341,44.878,46.951,42.927,40.732,37.683,36.829,36.951,20.976,0,0,0,0,0,0,0,0,0,0,0,0,0,0,0,0,0,0,0,0,0,0
0,0,0,0,0,0,0,0,0,0,0,0,0,0,0,0,0,0,0,0,0,0,0,0,0,0,0,0,0,0,0,0,0,0,0,0,0,0,0,47.016,38.648,42.234,44.758,45.156,43.695,46.617,50.203,48.477,53.789,55.914,57.773,56.578,65.477,72.648,70.789,79.422,81.547,91.375,97.484,114.62,113.16,133.48,150.08,167.08,187.66,210.38,215.02,232.82,251.68,253.54,252.08,255,233.75,215.29,213.83,192.71,170.4,146.62,132.81,123.25,114.09,95.094,89.516,83.539,79.555,76.5,66.008,63.75,55.914,54.453,55.914,53.125,51.664,55.117,46.086,47.281,44.227,43.43,44.891,0,0,0,0,0,0,0,0,0,0,0,0,0,0,0,0,0,0,0,0,0,0
0,0,0,0,0,0,0,0,0,0,0,0,0,0,0,0,0,0,0,0,0,0,0,0,0,0,0,0,0,0,0,0,0,0,0,0,0,0,0,24.926,49.292,44.25,51.812,49.572,49.852,50.412,56.293,52.512,59.094,61.054,62.455,62.875,67.776,76.878,75.058,86.12,84.02,96.483,99.843,116.23,114.41,133.87,149,165.24,180.92,205.57,211.59,221.95,239.46,255,247.44,248.28,254.02,225.17,212.71,209.91,190.58,170.56,149.98,134.01,128.27,117.49,100.12,96.903,87.801,84.16,82.759,70.577,70.297,61.334,59.654,61.474,58.814,56.713,59.794,55.313,48.171,50.692,48.171,26.606,0,0,0,0,0,0,0,0,0,0,0,0,0,0,0,0,0,0,0,0,0
0,0,0,0,0,0,0,0,0,0,0,0,0,0,0,0,0,0,0,0,0,0,0,0,0,0,0,0,0,0,0,0,0,0,0,0,0,0,0,0,59.042,50.97,52.166,59.49,55.753,56.501,62.479,59.341,65.17,68.309,66.964,69.505,72.644,85.199,82.808,91.178,87.292,101.34,106.13,119.13,119.13,136.77,150.52,165.76,179.67,199.4,212.25,218.53,234.37,249.77,252.31,247.83,255,251.26,216.14,217.03,210.16,192.82,173.84,154.26,137.81,134.08,126.01,106.27,104.48,92.374,91.926,90.281,77.726,76.829,67.86,66.067,68.159,66.366,63.077,66.964,62.031,56.052,54.557,57.397,0.14947,0,0,0,0,0,0,0,0,0,0,0,0,0,0,0,0,0,0,0,0
0,0,0,0,0,0,0,0,0,0,0,0,0,0,0,0,0,0,0,0,0,0,0,0,0,0,0,0,0,0,0,0,0,0,0,0,0,0,0,0,33.391,61.269,57.332,63.317,63.317,62.529,68.987,64.734,71.35,74.657,72.925,74.815,78.28,90.88,88.833,95.448,93.085,103.01,111.36,122.38,122.7,138.13,149.79,169,176.09,190.74,216.41,210.9,222.4,241.93,253.74,246.97,245.71,255,240.04,214.21,218.14,214.05,192,174.2,157.5,142.54,138.6,130.73,114.03,109.15,97.338,98.44,97.338,84.895,83.162,74.027,72.925,74.815,73.397,70.09,73.397,65.994,63.159,61.112,33.548,0,0,0,0,0,0,0,0,0,0,0,0,0,0,0,0,0,0,0,0
0,0,0,0,0,0,0,0,0,0,0,0,0,0,0,0,0,0,0,0,0,0,0,0,0,0,0,0,0,0,0,0,0,0,0,0,0,0,0,0,0,71.582,61.518,69.796,68.011,66.388,74.504,69.959,75.802,78.886,78.561,78.886,82.132,94.955,94.306,95.767,98.364,104.05,114.27,123.52,122.39,136.02,149.01,165.73,172.22,180.01,207.93,206.63,211.99,233.57,237.63,245.1,233.25,243.48,255,219.94,209.06,216.69,208.25,191.05,173.52,157.29,144.3,140.57,131.8,119.14,113.78,101.29,100.96,104.05,89.924,88.3,78.886,76.451,83.431,78.399,79.211,75.964,68.66,68.011,70.933,0.16232,0,0,0,0,0,0,0,0,0,0,0,0,0,0,0,0,0,0,0
0,0,0,0,0,0,0,0,0,0,0,0,0,0,0,0,0,0,0,0,0,0,0,0,0,0,0,0,0,0,0,0,0,0,0,0,0,0,0,0,0,43.208,73.135,75.26,81.104,78.448,83.406,81.99,83.052,89.073,88.719,88.719,91.906,105.54,103.06,106.25,108.02,111.74,123.6,133.52,128.92,142.91,157.6,171.95,178.32,190.19,206.66,212.5,219.05,227.02,240.83,254.11,245.97,246.85,255,249.69,230.74,219.58,224.72,219.05,195.32,184.88,166.81,155.12,151.94,143.08,131.4,122.72,112.8,112.98,115.1,100.58,99.698,91.198,87.479,91.906,87.302,92.969,87.479,77.385,78.094,42.323,0,0,0,0,0,0,0,0,0,0,0,0,0,0,0,0,0,0,0
0,0,0,0,0,0,0,0,0,0,0,0,0,0,0,0,0,0,0,0,0,0,0,0,0,0,0,0,0,0,0,0,0,0,0,0,0,0,0,0,0,0,90.274,80.967,87.854,87.668,87.854,91.204,93.066,96.602,97.347,95.485,98.65,112.8,109.45,111.86,115.96,115.59,129.92,138.48,131.04,145.55,161.38,169.94,179.06,187.06,205.86,219.26,208.65,222.99,239.55,244.76,249.23,242.72,247,253.7,255,221.5,218.7,225.22,221.68,199.72,189.11,170.5,158.96,160.45,148.91,137.92,130.85,121.36,120.43,123.78,108.14,105.16,99.953,96.974,102.19,96.974,102.56,91.018,89.343,88.971,0.18613,0,0,0,0,0,0,0,0,0,0,0,0,0,0,0,0,0,0
0,0,0,0,0,0,0,0,0,0,0,0,0,0,0,0,0,0,0,0,0,0,0,0,0,0,0,0,0,0,0,0,0,0,0,0,0,0,0,0,0,0,52.517,90.835,96.087,95.309,94.142,102.12,97.643,106.78,105.62,103.28,105.42,120.4,116.12,118.07,121.57,120.98,135.77,142.19,134.21,148.41,162.61,170.97,178.36,187.89,198.59,217.27,210.65,213.18,231.08,236.91,250.53,243.72,240.8,247.22,255,246.25,220.18,221.16,223.88,223.49,201.51,193.34,174.08,165.92,165.53,156,144.13,138.49,129.35,127.6,134.02,117.29,109.31,111.84,106.01,111.84,109.7,108.34,98.81,93.753,52.323,0,0,0,0,0,0,0,0,0,0,0,0,0,0,0,0,0,0
0,0,0,0,0,0,0,0,0,0,0,0,0,0,0,0,0,0,0,0,0,0,0,0,0,0,0,0,0,0,0,0,0,0,0,0,0,0,0,0,0,0,0,107.95,99.245,108.36,102.28,111.8,105.93,114.84,116.87,108.16,113.63,127.4,122.94,124.16,127.8,126.99,139.75,147.65,137.32,152.51,160.21,175,176.01,188.77,194.64,213.28,213.07,212.67,217.12,233.33,242.85,245.89,236.57,237.18,251.35,255,228.26,221.99,222.8,225.23,221.38,208.21,196.06,177.83,170.74,171.15,165.48,150.69,145.22,136.51,138.74,140.77,125.78,116.06,119.9,120.11,119.7,121.93,113.22,107.14,108.36,0.20254,0,0,0,0,0,0,0,0,0,0,0,0,0,0,0,0,0
0,0,0,0,0,0,0,0,0,0,0,0,0,0,0,0,0,0,0,0,0,0,0,0,0,0,0,0,0,0,0,0,0,0,0,0,0,0,0,0,0,0,0,65.87,111.74,118.91,120.22,120.22,120.22,127.39,128.04,120,128.48,139.35,135.22,135.22,138.91,136.09,150.87,156.96,145.22,161.74,166.74,183.7,181.52,193.7,197.61,219.78,215.22,216.09,223.7,229.57,236.96,252.83,245.87,242.83,245.22,255,254.78,235.43,226.96,231.52,235.43,229.57,218.7,208.48,186.3,183.04,184.78,178.04,162.83,158.7,149.13,153.7,154.35,137.61,131.3,133.04,137.39,132.39,136.09,124.13,122.17,61.957,0,0,0,0,0,0,0,0,0,0,0,0,0,0,0,0,0
0,0,0,0,0,0,0,0,0,0,0,0,0,0,0,0,0,0,0,0,0,0,0,0,0,0,0,0,0,0,0,0,0,0,0,0,0,0,0,0,0,0,0,0,133.71,125.81,131.23,129.19,135.07,135.07,138.68,131.68,136.65,147.71,143.2,142.75,145.68,142.07,156.75,163.53,149.3,163.53,170.75,183.4,185.89,196.5,196.5,208.47,224.73,206.21,213.44,228.57,232.64,244.61,247.09,233.09,243.71,242.35,255,252.06,231.51,223.15,239.87,237.38,228.8,223.15,212.76,192.21,187.24,193.11,187.02,170.3,169.17,157.43,164.65,165.56,145.46,146.36,141.39,147.71,147.94,147.49,131.45,133.49,0.22586,0,0,0,0,0,0,0,0,0,0,0,0,0,0,0,0
0,0,0,0,0,0,0,0,0,0,0,0,0,0,0,0,0,0,0,0,0,0,0,0,0,0,0,0,0,0,0,0,0,0,0,0,0,0,0,0,0,0,0,0,77.679,130.16,143.34,137.33,145.42,143.11,150.27,142.18,142.64,154.43,150.73,148.42,150.73,147.27,161.14,166.92,151.89,166.69,172.23,180.79,186.57,193.97,194.66,202.29,215,205.76,210.15,214.31,229.57,224.25,243.67,236.74,223.79,237.2,239.74,255,249.91,217.78,218.93,240.9,233.5,230.03,223.56,215.24,194.89,191.19,198.59,192.58,178.25,176.86,165.53,173.16,170.62,158.59,154.43,150.04,159.06,159.52,151.43,142.41,73.98,0,0,0,0,0,0,0,0,0,0,0,0,0,0,0,0
0,0,0,0,0,0,0,0,0,0,0,0,0,0,0,0,0,0,0,0,0,0,0,0,0,0,0,0,0,0,0,0,0,0,0,0,0,0,0,0,0,0,0,0,0,157.51,156.28,156.04,161.43,152.85,164.61,161.18,151.38,171.47,163.88,164.12,160.94,158.24,171.47,176.86,160.69,174.41,179.8,183.47,200.13,195.72,192.29,209.19,214.83,215.81,209.93,214.34,222.42,228.3,240.06,239.81,231.48,232.95,242.51,249.86,255,244.22,225.61,222.67,245.94,244.47,237.61,234.91,224.63,205.52,202.82,212.62,203.8,195.23,189.11,182.74,187.15,185.92,175.63,167.8,171.71,175.14,176.86,163.39,160.94,0.24496,0,0,0,0,0,0,0,0,0,0,0,0,0,0,0
0,0,0,0,0,0,0,0,0,0,0,0,0,0,0,0,0,0,0,0,0,0,0,0,0,0,0,0,0,0,0,0,0,0,0,0,0,0,0,0,0,0,0,0,0,93.027,161.72,171.86,171.35,169.32,177.18,173.63,166.79,183.01,171.1,174.39,171.1,166.28,178.45,183.77,166.28,178.96,184.79,185.04,203.54,195.69,192.64,207.09,216.22,210.39,210.13,204.56,218.25,229.4,225.34,238.02,230.92,229.65,232.44,233.2,251.96,255,236.5,225.34,229.15,244.61,247.9,240.81,239.79,231.93,211.91,210.89,220.78,214.7,204.05,202.53,194.67,201.26,196.7,183.27,184.28,192.14,193.66,184.53,173.89,89.225,0,0,0,0,0,0,0,0,0,0,0,0,0,0,0
0,0,0,0,0,0,0,0,0,0,0,0,0,0,0,0,0,0,0,0,0,0,0,0,0,0,0,0,0,0,0,0,0,0,0,0,0,0,0,0,0,0,0,0,0,0,191.65,186.84,186.31,191.65,196.19,193.25,182.56,193.25,184.97,197.53,180.16,178.82,191.92,194.59,175.35,188.44,191.65,193.79,210.36,201.01,199.4,205.55,222.39,219.45,202.61,212.23,213.84,219.72,227.2,235.75,235.49,232.28,223.99,238.16,238.96,250.99,254.73,242.7,230.68,234.95,254.2,255,249.92,250.19,244.04,223.73,225.86,235.22,229.07,219.45,217.04,216.24,222.12,211.97,199.94,201.54,213.57,215.71,198.87,194.86,0.2673,0,0,0,0,0,0,0,0,0,0,0,0,0,0
0,0,0,0,0,0,0,0,0,0,0,0,0,0,0,0,0,0,0,0,0,0,0,0,0,0,0,0,0,0,0,0,0,0,0,0,0,0,0,0,0,0,0,0,0,0,109.48,191.86,204.05,204.33,200.8,208.66,193.76,198.36,202.16,203.78,185.36,186.98,196.47,199.99,178.04,191.05,192.94,194.57,207.85,198.63,197.01,198.91,221.13,213,198.09,206.49,202.97,213,216.25,223.57,226.55,223.57,216.25,223.84,232.24,230.61,250.66,239.55,233.59,233.86,231.42,255,250.39,250.12,252.83,246.6,228.17,231.7,241.72,236.03,226,227.09,230.61,234.4,217.06,218.42,215.71,221.94,230.07,206.22,105.69,0,0,0,0,0,0,0,0,0,0,0,0,0,0
0,0,0,0,0,0,0,0,0,0,0,0,0,0,0,0,0,0,0,0,0,0,0,0,0,0,0,0,0,0,0,0,0,0,0,0,0,0,0,0,0,0,0,0,0,0,0,214.19,217.75,213.92,211.72,223.78,204.88,207.07,213.92,210.08,195.84,195.56,201.59,203.23,181.6,193.1,194.74,194.47,207.89,194.19,195.29,196.39,207.89,212,197.76,195.02,192.28,203.51,212.82,205.15,218.3,217.48,220.49,207.89,210.08,224.6,235.83,233.91,236.37,223.5,228.71,229.8,250.34,250.62,250.89,255,248.97,231.72,238.57,246.51,247.88,231.17,238.02,235.28,252.53,231.72,221.04,238.84,242.95,228.98,221.31,0.2739,0,0,0,0,0,0,0,0,0,0,0,0,0
0,0,0,0,0,0,0,0,0,0,0,0,0,0,0,0,0,0,0,0,0,0,0,0,0,0,0,0,0,0,0,0,0,0,0,0,0,0,0,0,0,0,0,0,0,0,0,119.9,219.73,218.92,228.14,224.35,221.63,209.15,221.36,214.31,200.2,201.02,202.64,205.09,181.76,192.06,192.61,191.25,203.46,186.91,190.16,190.98,199.93,196.4,192.06,188.27,183.65,190.16,190.16,197.49,202.1,205.09,202.91,197.22,197.22,210.51,206.71,228.41,228.14,225.97,208.88,218.92,224.62,243.06,244.96,247.68,252.02,246.32,234.11,236.82,249.85,253.64,237.37,240.62,248.49,250.12,235.47,239.54,247.4,255,228.96,119.36,0,0,0,0,0,0,0,0,0,0,0,0,0
0,0,0,0,0,0,0,0,0,0,0,0,0,0,0,0,0,0,0,0,0,0,0,0,0,0,0,0,0,0,0,0,0,0,0,0,0,0,0,0,0,0,0,0,0,0,0,0,225.29,233.97,231.87,226.35,227.66,211.89,226.35,213.2,201.37,202.16,199.27,202.16,178.5,188.23,187.44,184.02,195.06,179.29,180.08,182.18,186.12,181.92,180.87,173.24,173.24,175.08,173.24,186.12,174.03,189.8,186.65,185.86,179.81,191.38,186.65,196.64,212.41,215.04,213.2,191.38,207.94,213.2,232.65,235.55,238.7,242.91,241.86,230.03,235.28,245.27,252.11,238.18,241.59,253.16,252.11,241.59,244.22,255,250.53,237.39,0.26289,0,0,0,0,0,0,0,0,0,0,0,0
0,0,0,0,0,0,0,0,0,0,0,0,0,0,0,0,0,0,0,0,0,0,0,0,0,0,0,0,0,0,0,0,0,0,0,0,0,0,0,0,0,0,0,0,0,0,0,0,119.74,222.72,223.46,225.68,229.87,210.41,219.77,205.23,199.57,197.59,188.97,193.9,170,176.41,176.9,172.71,182.07,165.81,165.32,167.78,170.49,167.04,164.09,153,157.93,146.35,159.9,160.14,159.41,166.06,168.03,165.32,161.87,167.04,160.64,174.68,175.91,186.01,204.25,190.2,171.48,191.68,196.61,215.09,220.01,222.97,227.9,228.39,221,223.96,236.03,246.87,228.39,235.54,251.8,240.46,240.46,245.64,255,236.52,118.01,0,0,0,0,0,0,0,0,0,0,0,0
0,0,0,0,0,0,0,0,0,0,0,0,0,0,0,0,0,0,0,0,0,0,0,0,0,0,0,0,0,0,0,0,0,0,0,0,0,0,0,0,0,0,0,0,0,0,0,0,0,227.95,230.3,228.42,227.01,215.24,220.65,208.19,197.84,194.31,185.13,189.37,165.84,172.43,168.67,164.2,173.37,156.2,156.2,157.14,158.79,152.67,156.43,139.73,138.32,137.62,144.67,143.03,149.38,138.56,155.02,147.73,152.91,144.44,146.79,157.38,156.9,162.55,170.78,188.43,173.61,162.08,178.55,185.13,204.19,207.48,213.36,218.3,220.89,215.01,218.54,235.24,241.12,227.71,236.89,252.88,242.77,234.77,249.59,255,237.59,0.23524,0,0,0,0,0,0,0,0,0,0,0
0,0,0,0,0,0,0,0,0,0,0,0,0,0,0,0,0,0,0,0,0,0,0,0,0,0,0,0,0,0,0,0,0,0,0,0,0,0,0,0,0,0,0,0,0,0,0,0,0,118.01,224.56,228.53,222.13,218.6,208.46,211.76,193.46,188.38,181.76,180.44,161.03,163.01,158.6,156.84,163.01,145.81,143.16,144.26,143.6,140.74,141.84,127.06,125.29,124.41,125.74,129.49,132.57,122.65,133.9,135.22,129.93,134.12,126.84,135,139.41,140.29,147.35,156.18,168.09,159.49,148.24,164.56,169.85,188.16,196.1,200.07,208.9,209.34,206.47,209.56,229.41,230.07,230.07,234.93,242.43,233.38,243.53,255,238.9,118.24,0,0,0,0,0,0,0,0,0,0,0
0,0,0,0,0,0,0,0,0,0,0,0,0,0,0,0,0,0,0,0,0,0,0,0,0,0,0,0,0,0,0,0,0,0,0,0,0,0,0,0,0,0,0,0,0,0,0,0,0,0,226.34,227.6,225.3,226.13,206.47,211.49,198.73,187.22,173.84,178.02,158.15,154.8,154.17,153.13,150.41,139.53,132.21,134.72,133.46,130.32,132.21,114.63,112.33,114.63,117.15,108.36,118.19,114.43,113.38,123.63,119.03,120.07,115.68,117.56,121.75,124.89,126.35,139.74,140.16,155.01,147.48,136.6,154.17,157.94,176.76,186.18,191.83,198.94,202.08,202.08,206.89,226.97,225.92,223.41,237.85,243.91,233.87,248.31,255,233.45,0.20919,0,0,0,0,0,0,0,0,0,0
0,0,0,0,0,0,0,0,0,0,0,0,0,0,0,0,0,0,0,0,0,0,0,0,0,0,0,0,0,0,0,0,0,0,0,0,0,0,0,0,0,0,0,0,0,0,0,0,0,0,120.01,227.44,229.24,228.24,210.67,211.67,202.08,186.71,172.53,177.12,154.76,151.36,149.37,147.77,142.98,134.59,124.21,125.6,127,119.61,121.21,106.23,106.63,103.04,102.44,101.04,105.23,107.63,101.44,107.23,107.43,107.03,105.63,106.23,107.83,106.63,116.82,117.62,130.4,126.8,143.38,137.38,128.6,144.17,147.97,168.14,178.12,186.11,191.9,196.29,199.09,206.48,223.45,223.25,226.44,241.62,244.02,236.83,255,249.41,119.81,0,0,0,0,0,0,0,0,0,0
0,0,0,0,0,0,0,0,0,0,0,0,0,0,0,0,0,0,0,0,0,0,0,0,0,0,0,0,0,0,0,0,0,0,0,0,0,0,0,0,0,0,0,0,0,0,0,0,0,0,0,230.71,226.63,223.66,213.46,210.68,196.77,182.3,170.06,169.13,148.36,145.4,142.61,138.35,128.71,126.85,115.35,112.94,117.21,108.31,109.79,94.767,95.324,94.211,84.938,94.582,91.8,95.695,85.309,91.429,95.695,95.509,92.171,94.025,89.575,93.469,98.476,101.44,106.08,117.39,113.68,129.82,126.11,116.09,131.3,136.12,156.71,161.53,180.08,177.67,187.31,191.39,198.44,220.32,212.72,224.21,244.06,229.78,244.43,255,235.71,0.18545,0,0,0,0,0,0,0,0,0
0,0,0,0,0,0,0,0,0,0,0,0,0,0,0,0,0,0,0,0,0,0,0,0,0,0,0,0,0,0,0,0,0,0,0,0,0,0,0,0,0,0,0,0,0,0,0,0,0,0,0,117.83,233.51,229.57,228.86,215.07,199.67,189.46,173.34,171.19,147.02,146.12,140.93,133.41,125.17,123.92,111.2,106.19,111.03,103.33,104.22,87.029,89.357,85.955,78.076,88.104,81.657,83.627,82.195,82.374,86.313,84.522,85.06,85.06,84.881,81.299,87.029,91.327,94.551,97.058,109.59,105.65,123.74,117.11,110.13,124.81,128.4,151.32,159.38,175.67,176.75,185.16,190.89,202.71,220.44,219.72,230.47,246.23,240.67,252.31,255,122.84,0,0,0,0,0,0,0,0,0
0,0,0,0,0,0,0,0,0,0,0,0,0,0,0,0,0,0,0,0,0,0,0,0,0,0,0,0,0,0,0,0,0,0,0,0,0,0,0,0,0,0,0,0,0,0,0,0,0,0,0,0,230.3,226.38,225.23,201.68,203.97,183.19,168.31,164.38,138.38,140.67,130.36,123.98,114.82,114.17,98.958,97.486,100.1,93.724,89.798,78.675,78.185,75.404,68.371,74.586,71.642,70.497,75.241,68.207,72.787,72.787,73.605,71.479,71.969,72.951,71.642,77.367,78.021,81.129,85.055,96.504,93.724,109.59,102.72,100.59,113.35,115.64,135.76,148.03,164.22,164.71,174.53,182.87,193.34,211.33,212.8,225.72,239.62,236.84,255,238.81,0,0,0,0,0,0,0,0,0
0,0,0,0,0,0,0,0,0,0,0,0,0,0,0,0,0,0,0,0,0,0,0,0,0,0,0,0,0,0,0,0,0,0,0,0,0,0,0,0,0,0,0,0,0,0,0,0,0,0,0,0,118,231.03,229.62,213.75,206.74,184.95,172.8,164.86,139.64,137.62,127.5,121.74,109.13,108.97,94.496,94.185,90.76,86.09,85.623,72.39,70.366,69.432,62.271,68.965,62.427,64.762,66.941,59.158,62.115,66.319,65.229,63.828,67.253,63.205,63.516,67.253,68.498,71.145,72.857,77.683,86.09,87.179,100.26,94.963,101.19,104.46,107.73,130.77,140.42,155.83,163.15,175.14,180.59,195.22,213.59,216.39,233.98,237.72,248.77,255,120.96,0,0,0,0,0,0,0,0
0,0,0,0,0,0,0,0,0,0,0,0,0,0,0,0,0,0,0,0,0,0,0,0,0,0,0,0,0,0,0,0,0,0,0,0,0,0,0,0,0,0,0,0,0,0,0,0,0,0,0,0,0,233.31,225.69,217.36,206.73,188.48,166.5,162.77,135.33,131.02,122.83,117.37,101.14,97.115,93.237,83.324,85.479,74.704,73.986,65.941,63.068,60.913,54.735,61.344,54.161,56.315,58.039,51.287,53.011,57.608,55.023,56.028,54.304,56.315,58.183,52.149,60.625,58.901,61.631,64.073,68.814,74.417,78.87,89.645,84.186,95.679,93.237,102.29,117.66,131.88,147.25,153.43,168.95,175.12,192.36,210.32,212.19,238.19,234.46,255,241.64,0.14366,0,0,0,0,0,0,0
0,0,0,0,0,0,0,0,0,0,0,0,0,0,0,0,0,0,0,0,0,0,0,0,0,0,0,0,0,0,0,0,0,0,0,0,0,0,0,0,0,0,0,0,0,0,0,0,0,0,0,0,0,114.96,235.01,225.49,208.32,191.15,167.14,161.77,134.68,127.84,118.85,111.74,96.983,90.008,85.581,79.277,78.204,70.423,62.643,61.168,54.729,56.741,47.754,54.863,46.278,52.046,48.29,47.083,46.144,45.742,48.693,49.766,48.693,47.351,48.022,49.766,45.608,53.656,52.985,53.79,56.741,61.302,67.338,74.045,75.789,81.155,88.264,83.837,97.654,106.24,124.48,139.64,151.85,163.92,173.58,189,211.14,217.98,240.65,238.63,255,121.26,0,0,0,0,0,0,0
0,0,0,0,0,0,0,0,0,0,0,0,0,0,0,0,0,0,0,0,0,0,0,0,0,0,0,0,0,0,0,0,0,0,0,0,0,0,0,0,0,0,0,0,0,0,0,0,0,0,0,0,0,0,237.35,233.07,213.28,203.57,171.55,161.72,135.25,126.68,114.45,108.91,94.664,83.571,78.025,77.521,70.336,66.555,55.714,53.95,51.176,48.782,43.361,48.908,41.471,45.504,41.849,43.487,38.571,40.084,44.244,40.966,42.983,39.454,42.479,42.227,42.353,41.849,46.765,46.261,47.269,52.689,55.336,58.235,67.815,68.445,77.773,80.672,76.891,91.513,99.076,117.86,134.37,148.61,161.6,174.96,190.71,210.76,226.76,243.15,251.85,255,0.12605,0,0,0,0,0,0
0,0,0,0,0,0,0,0,0,0,0,0,0,0,0,0,0,0,0,0,0,0,0,0,0,0,0,0,0,0,0,0,0,0,0,0,0,0,0,0,0,0,0,0,0,0,0,0,0,0,0,0,0,0,115.99,229.94,218.04,198.88,174.16,155.68,132.77,116.45,110.21,98.077,89.006,75.627,71.092,68.03,61.794,59.753,48.301,45.807,43.653,41.725,37.757,40.138,37.417,37.303,34.922,36.51,32.201,33.788,34.922,33.562,34.129,36.056,34.242,35.716,33.335,35.602,35.262,40.365,37.87,40.024,45.353,47.054,49.322,58.846,57.372,69.618,67.69,74.493,80.843,87.079,109.98,123.25,139.12,153.18,170.3,186.52,206.59,229.26,234.7,255,120.75,0,0,0,0,0,0
0,0,0,0,0,0,0,0,0,0,0,0,0,0,0,0,0,0,0,0,0,0,0,0,0,0,0,0,0,0,0,0,0,0,0,0,0,0,0,0,0,0,0,0,0,0,0,0,0,0,0,0,0,0,0,236.64,229.36,205.41,182.52,157.41,133.57,116.16,107.82,92.209,84.613,74.59,64.357,64.251,56.338,48.32,45.261,42.729,39.564,34.71,35.449,34.077,31.334,33.339,29.646,31.545,27.431,29.224,27.747,30.596,29.541,29.224,29.435,29.33,30.49,28.275,30.807,29.752,34.499,32.178,36.187,40.935,40.513,43.256,48.531,56.549,59.609,64.146,71.425,71.531,83.347,100.44,117.95,135.89,153.19,169.75,191.91,212.59,235.9,245.61,255,0.1055,0,0,0,0,0
0,0,0,0,0,0,0,0,0,0,0,0,0,0,0,0,0,0,0,0,0,0,0,0,0,0,0,0,0,0,0,0,0,0,0,0,0,0,0,0,0,0,0,0,0,0,0,0,0,0,0,0,0,0,0,118.9,230.52,211.62,182.41,154.53,131.94,112.38,102.08,84.968,76.462,65.404,62.758,54.251,51.227,40.736,38.184,35.915,33.175,29.394,32.418,26.748,26.653,26.842,25.424,25.991,22.589,23.723,22.116,25.991,22.211,24.196,24.763,22.022,24.952,24.574,23.818,25.613,25.141,26.748,27.882,31.568,32.607,33.458,38.373,40.452,48.391,49.337,61.056,61.434,63.325,76.179,87.804,109.73,127.88,147.54,167.01,189.5,210.11,236.57,255,122.11,0,0,0,0,0
0,0,0,0,0,0,0,0,0,0,0,0,0,0,0,0,0,0,0,0,0,0,0,0,0,0,0,0,0,0,0,0,0,0,0,0,0,0,0,0,0,0,0,0,0,0,0,0,0,0,0,0,0,0,0,0,235.65,217.59,191.59,159.72,129.03,111.31,98.097,80.199,67.244,61.449,56.506,47.727,41.08,36.989,33.835,30.852,27.273,24.886,25.994,23.182,23.267,21.903,22.159,20.71,18.409,19.091,18.494,20.369,18.665,19.773,18.665,19.943,18.239,19.773,20.455,19.602,21.818,20.028,21.392,25.142,24.716,26.165,30.426,31.619,33.494,38.864,45.938,49.688,54.631,62.472,67.585,78.75,101.25,124.69,141.9,162.87,195.34,216.65,240.68,255,0.085227,0,0,0,0
0,0,0,0,0,0,0,0,0,0,0,0,0,0,0,0,0,0,0,0,0,0,0,0,0,0,0,0,0,0,0,0,0,0,0,0,0,0,0,0,0,0,0,0,0,0,0,0,0,0,0,0,0,0,0,0,122.09,232.98,201.99,165.29,129.97,110.5,92.882,76.345,63.982,56.409,49.377,43.35,34.618,31.141,28.977,26.35,22.255,24.341,20.091,19.009,20.091,16.845,19.859,16.227,14.682,15.686,15.377,15.455,16.227,14.914,14.991,16.923,15.455,14.373,15.841,17.309,15.686,18.468,16.073,17.695,19.782,19.936,24.186,22.873,27.355,29.827,31.914,39.873,41.65,52.932,55.25,58.264,73.486,94.582,117.53,141.18,162.66,201.6,231.9,255,127.19,0,0,0,0
0,0,0,0,0,0,0,0,0,0,0,0,0,0,0,0,0,0,0,0,0,0,0,0,0,0,0,0,0,0,0,0,0,0,0,0,0,0,0,0,0,0,0,0,0,0,0,0,0,0,0,0,0,0,0,0,0,236.76,207.17,165.91,129.09,103.22,85.177,68.261,56.254,49.952,41.593,32.439,29.387,26.07,23.152,19.569,20.166,18.044,15.921,16.12,14.063,14.13,14.594,12.007,11.675,12.14,11.41,11.609,12.206,11.012,12.14,11.277,12.206,11.476,11.078,12.272,13.002,11.874,13.135,13.599,13.864,14.461,17.712,15.457,19.238,21.891,22.488,26.734,29.52,35.955,41.063,47.033,54.264,62.689,80.666,106.27,134.73,158.88,201.47,233.57,255,0.066337,0,0,0
0,0,0,0,0,0,0,0,0,0,0,0,0,0,0,0,0,0,0,0,0,0,0,0,0,0,0,0,0,0,0,0,0,0,0,0,0,0,0,0,0,0,0,0,0,0,0,0,0,0,0,0,0,0,0,0,0,123.74,231.18,178.38,134.82,103.88,82.195,61.631,51.616,43.675,33.542,29.156,24.238,22.341,17.66,18.075,15.763,13.689,13.689,12.386,12.03,12.504,9.6003,9.1262,9.4225,9.541,8.4743,9.304,9.7188,8.178,8.9484,8.7706,8.9484,9.6595,8.5928,8.2965,9.8966,9.304,10.015,9.8966,11.378,10.489,11.615,12.386,15.23,13.63,17.008,19.556,20.623,24.712,28.267,35.853,40.001,49.661,56.12,71.824,100.98,134.11,166.35,214.17,255,133.69,0,0,0
0,0,0,0,0,0,0,0,0,0,0,0,0,0,0,0,0,0,0,0,0,0,0,0,0,0,0,0,0,0,0,0,0,0,0,0,0,0,0,0,0,0,0,0,0,0,0,0,0,0,0,0,0,0,0,0,0,0,235.81,186.01,130.71,96.668,68.704,53.517,42.91,33.074,26.228,21.937,18.659,14.56,15.718,11.909,11.041,11.041,9.0159,9.1123,9.3534,7.232,6.4124,6.7981,6.9909,6.2677,5.7374,6.6534,6.7016,5.8338,5.4481,6.5088,5.7374,5.8338,6.8463,6.0749,5.1588,6.9909,6.557,7.232,6.6052,7.2802,8.4373,7.907,8.8712,9.2087,11.523,11.089,14.512,14.56,17.984,21.214,24.782,32.014,40.162,47.779,58.434,85.241,122.46,162.58,219.56,255,0.048213,0,0
0,0,0,0,0,0,0,0,0,0,0,0,0,0,0,0,0,0,0,0,0,0,0,0,0,0,0,0,0,0,0,0,0,0,0,0,0,0,0,0,0,0,0,0,0,0,0,0,0,0,0,0,0,0,0,0,0,0,134.59,223.78,145.45,97.783,66.692,50.244,35.686,26.883,21.128,17.564,14.429,12.926,10.779,10.221,8.6317,7.7299,7.9875,6.9569,5.8404,4.9385,5.325,5.1103,4.552,4.6379,4.552,5.1103,4.3803,4.3373,3.9079,4.4232,3.8649,4.2944,4.4662,4.8956,4.2514,4.4232,4.2085,4.8956,5.1103,5.368,5.6256,5.7974,5.9692,7.8158,6.4845,7.4722,8.6746,10.994,11.208,13.055,17.135,19.797,23.834,32.723,43.416,53.465,77.428,125.27,181.44,255,146.35,0,0
0,0,0,0,0,0,0,0,0,0,0,0,0,0,0,0,0,0,0,0,0,0,0,0,0,0,0,0,0,0,0,0,0,0,0,0,0,0,0,0,0,0,0,0,0,0,0,0,0,0,0,0,0,0,0,0,0,0,0,230.03,137.64,80.517,51.109,32.823,22.97,16.805,12.452,11.213,8.5232,7.7676,6.2866,5.8635,5.5612,4.2616,3.6873,3.5362,3.2642,3.1131,3.0828,2.569,2.4179,2.6295,2.9317,2.5993,2.2064,2.025,2.2366,2.3575,2.3877,2.0552,2.0552,2.5086,2.6899,2.2366,2.297,2.569,2.1459,2.8411,2.9317,2.9015,3.4758,3.4455,3.6269,3.9593,5.0776,4.5941,5.4705,6.5586,8.2814,9.0974,11.213,14.719,19.162,27.836,38.112,56.73,100.4,171.85,255,0.030224,0
0,0,0,0,0,0,0,0,0,0,0,0,0,0,0,0,0,0,0,0,0,0,0,0,0,0,0,0,0,0,0,0,0,0,0,0,0,0,0,0,0,0,0,0,0,0,0,0,0,0,0,0,0,0,0,0,0,0,0,179.12,206.82,93.709,49.31,28.241,18.123,14.046,10.445,8.2728,6.6659,6.16,4.434,3.452,3.452,3.0651,2.9163,2.5295,2.2319,1.8748,2.0236,2.2319,2.1128,1.845,1.726,1.3391,1.4284,1.4582,1.4284,1.6665,1.3986,1.7855,1.1903,1.5177,1.5177,1.4582,1.726,1.9045,1.4582,1.7855,1.9343,1.607,1.7557,2.4402,2.4997,2.589,2.9163,3.4222,3.571,3.7198,5.0887,5.297,6.5766,8.0645,10.862,14.968,21.724,33.21,57.493,109.72,255,196.08,0
0,0,0,0,0,0,0,0,0,0,0,0,0,0,0,0,0,0,0,0,0,0,0,0,0,0,0,0,0,0,0,0,0,0,0,0,0,0,0,0,0,0,0,0,0,0,0,0,0,0,0,0,0,0,0,0,0,0,0,0,216.75,50.687,18.839,9.8443,6.2259,4.512,2.6808,2.2999,1.8751,1.5821,1.1866,0.96685,0.96685,0.93755,0.87896,0.84966,0.54202,0.54202,0.52737,0.46878,0.43948,0.35158,0.35158,0.43948,0.36623,0.45413,0.36623,0.38088,0.32228,0.46878,0.41018,0.11719,0.46878,0.30763,0.45413,0.29299,0.58597,0.35158,0.42483,0.52737,0.62992,0.48343,0.54202,0.62992,0.65922,0.80571,0.65922,0.86431,1.1866,1.3917,1.4942,2.0802,2.3878,3.0031,4.2922,6.1234,10.679,20.905,58.289,255,0.014649
0,0,0,0,0,0,0,0,0,0,0,0,0,0,0,0,0,0,0,0,0,0,0,0,0,0,0,0,0,0,0,0,0,0,0,0,0,0,0,0,0,0,0,0,0,0.0099349,0,0,0,0,0,0,0,0,0,0,0,0,0,0,221.84,0,0,0,0,0,0,0,0,0,0,0,0,0,0,0,0,0,0,0,0,0,0,0,0,0,0,0,0,0,0.029805,0,0,0,0,0,0,0,0,0,0,0,0,0,0,0,0,0,0,0,0,0,0,0,0,0,0,0,0,0,255
